Occupation,AI_Talent_perc,Retention_perc,Hire_perc,No_AI_Salary,Num_NoAI_JobPosts,ai_sALARY,Num_AI_JobPosts,AI_Salary_Premium
account,.034639698,.95355314,.036117569,99868.836,3681,119301.05,166,.19457732
account analyst,.061075792,.97581208,.016332114,72073.188,915,75820.039,43,.051986761
account coordinator,.025878856,.96596301,.018551085,57147.703,3144,64644.945,67,.13119061
account delivery,.075660691,.98592544,.004672897,109988.57,958,127879.17,83,.16265874
account development,.08584936,.93915355,.039382916,85815.023,4088,116686.58,234,.35974535
account officer,.012096861,.98655903,.018143486,65728.727,63,94203.82,1,.43322143
account representative,.025279986,.97212887,.023642924,64614.195,1112,64818.973,22,.0031692316
account sales,.023649313,.96768552,.026717685,91118.297,1305,99564.18,31,.092691407
account services,.048228957,.96545124,.020158373,73342.016,3063,86722.289,124,.18243667
accountant,.01323455,.97937191,.014257174,84055.773,2185,86925.383,54,.03413935
accounting,.013985272,.97269064,.027632765,78463.25,2832,96878.047,48,.23469327
accounting analyst,.050579928,.97707939,.016738247,83712.188,7605,97642.742,145,.16641012
accounting finance,.028278071,.96393538,.043507036,74153.711,954,117974.75,39,.5909487
accountmanager,.05882353,.98039216,.029411767,85590.773,1664,88125.055,31,.029609282
accounts,.037267298,.97342873,.032432556,141900.13,358,107165.58,7,-.24478166
accounts payable,.019142255,.97847182,.014903221,57874.227,2344,67153.07,44,.16032773
accounts payable analyst,.043267451,.97963476,.0096047157,66356.328,2767,76069.75,64,.14638275
accounts receivable,.018525057,.97602522,.014970208,49645.465,3326,50642.781,42,.020088771
actor,.020352453,.97477388,.031562123,68597.359,6126,105372.68,243,.53610402
actuarial,.037985798,.95976657,.049788274,114602.46,544,78158.969,10,-.31799921
actuarial analyst,.0699187,.96964157,.018218772,98718.438,856,120025.59,51,.21583758
actuary,.082307771,.96625018,.037710395,122704.11,3444,153947.66,342,.25462511
adjuster,.0068676858,.97832334,.027429964,63649.945,1089,83107.766,8,.30570051
admin,.0023938357,.99688727,.0016749284,54413.711,564,76190.008,27,.4001987
administration,.0084749423,.98804206,.011451839,76518.883,146,115325.05,9,.50714505
administrative,.0055465028,.98366916,.013718165,48054.484,2305,50616.328,56,.053311232
administrative coordinator,.011410994,.98542464,.0075745732,70250.523,2631,83936.039,100,.19481015
administrative support,.015272004,.98063767,.012477323,50007.426,5560,55631.609,94,.11246697
administrator,.0045163538,.99045551,.0072560804,68464.078,773,71138.469,28,.039062683
admissions,.018871944,.95379895,.053193372,56707.063,1935,48104.66,30,-.15169896
advertising,.021912124,.96649563,.050552331,104743.09,437,116477.34,16,.11202887
advisory software engineer,.12004581,.98781669,.014618592,143509.98,2851,164407.3,851,.14561574
affairs,.014699231,.96698326,.048394389,124268.37,123,120206.32,11,-.032687698
agency,.0061157118,.98003405,.018082403,94331.266,755,109251.53,18,.15816882
agent,.0014336646,.98841631,.010315561,64891.434,255,91118.977,6,.40417573
agile coach,.056688987,.96857947,.021703703,107407.01,1565,129621.66,241,.20682688
agm,.0087977294,.98975748,.013192294,80018.18,1253,81218,36,.014994347
aircraft maintenance technician,.019533008,.97848505,.023796707,71345.477,837,70968.617,29,-.0052821762
aircraft mechanic,.0094150957,.98349071,.017412409,61626.379,2539,71545.055,59,.16094854
aircraft technician,.010964342,.98520947,.019313265,70495.664,716,88237.055,23,.2516664
airline pilot,.0116226,.99046004,.011064716,68794.922,1412,99236.18,42,.44249281
alliance,.18227373,.96202236,.018998595,156945.55,8517,180990.64,982,.1532066
am,0,1,0,79673.891,273,126090.41,7,.58258128
ambassador,.042546712,.94695997,.08202751,61315.602,392,94005.375,5,.53313959
aml analyst,.019526949,.98170936,.014002604,93578.188,616,97014.438,227,.03672063
analyst,.033494301,.97484398,.023332115,95140.984,1563,99211.508,87,.042784121
analyst developer,.10559174,.98540974,.012630999,112630.2,212,115749.26,22,.027692951
analyst programmer,.036740497,.98843908,.015429513,109948.15,158,121063.42,6,.10109559
analytical chemist,.020808235,.97388315,.01901228,76854.898,1900,87064.695,123,.1328451
android developer,.082240462,.9724952,.034558736,104843.21,1960,122727.46,300,.17058091
animator,.059724174,.96109951,.070421465,56340.305,425,94898.844,10,.68438643
application,.029804129,.98834872,.0025918745,96183.336,406,98092.234,14,.019846456
application analyst,.064391494,.9770599,.015880026,98788.664,1088,98166.922,65,-.0062936591
application architect,.13952655,.97846687,.018624622,137093.78,1438,146836.78,185,.071068138
application consultant,.092227899,.98735797,.0056870468,118350.97,243,122659.95,42,.036408462
application developer,.085185379,.98080438,.012772908,117904.46,493,108856.2,57,-.076742284
application development,.087281168,.98378199,.011534156,133231.55,242,136084.31,24,.021412088
application development analyst,.1074563,.97949553,.012024665,98881.469,202,123669.78,32,.25068715
application engineer,.060204238,.97499931,.022641255,114868.77,1250,130715.68,77,.1379566
application support,.051919207,.98868001,.0034722963,110876.66,358,125628.64,29,.13304861
application support analyst,.069733903,.9834348,.0081067253,92136.18,1275,95895.367,78,.04080034
application support engineer,.16259027,.97498822,.014181354,109844.95,550,113705.53,86,.035145778
applications,.075184107,.97729695,.022359239,141129.16,638,163078.83,71,.15552896
applications developer,.11296895,.97776365,.012343282,111660.9,801,120703.08,104,.08097893
applications engineer,.055908121,.97412491,.022126887,120600.41,1822,154862.8,143,.28409839
ar,.0019324123,.98841488,.0057879016,58495.09,146,57619.113,19,-.014975215
architect,.045608021,.97555465,.022230381,151565.2,1095,184927.69,213,.22011968
architecture,.069845103,.97242916,.015909296,114538.27,554,177039.81,78,.54568267
art,.021590833,.95984197,.031859439,82437.742,881,108057.73,51,.31077978
artist,.020379532,.97919989,.022967719,79761.117,1630,116345.51,68,.45867449
assembler,.016664919,.97439909,.030267352,40856.391,3612,44036.246,34,.077830061
assembly,.0082072336,.98127854,.021254625,42996.918,760,34937.836,9,-.18743394
assembly technician,.041617557,.97712523,.020679049,49295.898,5390,51351.293,129,.04169504
assembly worker,.023886643,.97773337,.023076927,40032.531,5173,39139.012,32,-.022319837
asset,.017494515,.97299325,.021372072,119403.23,577,112381.99,20,-.05880272
asset protection,.0074877404,.97617006,.016548784,58119.41,2570,63675.797,27,.095602944
assets protection,.013793842,.96420902,.021956403,66523.375,3065,97779.438,75,.46985081
athlete,.025239326,.95534557,.066082455,66884.211,1304,114023.7,17,.70479244
attorney,.019161901,.96677703,.04279469,115727.21,2869,139034.7,151,.20140028
audit,.026306177,.96548486,.037104972,102270.23,2858,129512.16,111,.26637211
auditor,.013765281,.96683991,.040436327,74448.43,828,77744.773,21,.044276875
automotive technician,.015393654,.97546744,.024916131,51843.855,5016,59010.711,64,.13823925
avp,.015551471,.98856485,.005722248,152450.52,1146,183922.39,387,.20643994
backroom,.0068251183,.98090851,.01085981,38469.781,3802,38723.77,32,.0066022803
baker,.0032453861,.97515839,.021349499,34136.406,1925,36016.629,47,.055079691
bakery,.0036644298,.98594695,.010384853,41045.613,1029,37972.496,25,-.07487078
bank,.0034039794,.98254871,.01745132,61799.934,91,37110.961,1,-.39949837
bank teller,.0049877567,.95935535,.041177258,38181.293,560,41938.574,12,.098406337
banker,.0012787129,.98324859,.017733067,56849.57,199,116502.87,2,1.0493183
banking,.0059097423,.97743553,.032234956,92450.695,237,67890.891,6,-.26565301
banking center,.0019386767,.96297133,.024123799,64386.391,2103,84841.594,36,.31769451
banking consultant,.028674204,.98566288,.007168551,77086.445,190,120017.5,10,.55692095
banking officer,.0024133101,.97859013,.023499016,62115.484,112,77413.227,4,.24627905
banquet server,.0057448833,.96519482,.031536851,35823.547,3750,37312.023,69,.04155023
bar,.0044604312,.97860426,.016930539,36405.223,1189,45692.379,21,.25510505
barista,.0014928416,.99456507,.0011835451,38084.652,1213,56198.969,26,.47563297
bartender,.0037253145,.97983181,.022451431,29609.404,1486,30459.379,60,.028706238
bdm,.032433379,.98202038,.012622721,113499.26,371,115741.05,22,.019751575
beauty,.0020419748,.98810136,.005705527,48204.305,1070,60279.613,5,.25050271
beauty consultant,.0074927434,.96567619,.035216477,50196.766,1464,50665.383,4,.0093356054
belt,.076476544,.97063786,.017648432,132014.39,1647,171762.42,103,.30108863
benefits,.012370043,.97421288,.021257743,72573.578,4847,93510.141,162,.2884874
benefits administrator,.0076413807,.97571504,.019911148,55466.02,4210,68347.203,97,.23223558
benefits analyst,.026472244,.97322559,.016348764,76888.078,3290,89724.961,129,.16695544
benefits consultant,.022418791,.97511977,.019860756,93117.078,4712,123137.5,224,.32239437
bid,.037219394,.97524995,.010639502,93349.227,1763,101671.2,52,.089148857
billing,.018949103,.9831537,.011438455,49005.938,1053,52632.113,29,.073994622
billing analyst,.057181764,.97652817,.012946131,73908.453,1917,74773.789,64,.011708213
book seller,.015729256,.95379102,.046380945,34330.629,379,33851.957,7,-.013942998
bookkeeper,.0084127933,.97448832,.02273887,48819.254,698,57865.012,35,.18529078
branch,.0028841938,.97808278,.017006813,79436.25,1266,119581.95,17,.50538254
branch administrator,.009106854,.97627735,.016661171,51898.891,2132,66627.203,29,.28378859
branch operations,.0081077404,.97763491,.017830467,58924.758,701,58899.648,9,-.00042612606
branch sales,.0055599273,.9772464,.023609921,83012.531,1314,152428.33,11,.83620864
branch service,.006247242,.97635865,.027656402,63443.012,945,72390.148,10,.14102636
brand,.02574065,.95865142,.03867903,103148.21,1202,134788.81,25,.30674893
brand ambassador,.028636426,.93959033,.072940677,48055.059,1646,44188.359,18,-.080463938
brand marketing,.047115333,.95032483,.030423403,115531.66,2787,145994.61,198,.26367626
brand representative,.019041039,.93215251,.071614951,40938.938,2784,46841.789,21,.14418674
broker,.011059388,.97496521,.029954672,81497.492,242,98897.578,1,.21350455
brokerage,.015868889,.96303713,.024710134,80729.461,323,93110.102,10,.15335964
business,.01507618,.97422177,.024863509,110427.5,903,124162.92,25,.12438407
business account,.038420256,.96504837,.021773148,83746.633,3379,101356.91,108,.21028046
business administrator,.021033024,.98626715,.01089798,69810.117,88,72642.164,8,.040567856
business analysis,.16571948,.97661483,.013500159,130253.41,1652,149420.7,143,.14715384
business analyst,.074546099,.9830488,.011984145,100216.48,2717,107277.23,184,.070454985
business analyst consultant,.10773749,.97802103,.015714901,110209.49,3318,118284.82,355,.073272526
business analyst project,.095867977,.97881711,.010198584,125223.81,233,152889.36,25,.2209288
business architect,.10352474,.97287965,.018501271,142064.78,1673,166324.55,266,.17076552
business banker,.0020841011,.96731287,.035872318,74844.563,287,85167.594,2,.13792627
business banking,.0075837616,.96556568,.022676144,112957.75,1153,121449.22,39,.075173847
business banking relationship,.0032527293,.96091962,.0097105866,98139.773,671,105081.63,21,.070734411
business consultant,.035717614,.97550583,.021905836,105761.07,190,121377.96,11,.147662
business controller,.081653461,.98118311,.012525648,114770.41,864,120029.84,25,.04582566
business coordinator,.020389481,.97859395,.019785509,54259.195,82,67742.063,3,.24848999
business data analyst,.40360135,.97362727,.02134297,98841.133,1458,110125.09,118,.1141626
business developer,.087582603,.97424185,.02228532,108491.2,709,148523.13,36,.36898783
business development,.056508642,.9661811,.024810202,134939.64,1296,175081.97,50,.29748359
business development analyst,.094032332,.96400177,.033877451,86552.984,514,95542.406,17,.10386033
business development consultant,.069715492,.97071528,.023595866,117843.35,650,139587.67,26,.18451886
business development officer,.013817812,.95457339,.046326898,101878.8,168,101210.53,12,-.0065594944
business development representative,.1149648,.91875803,.060704336,75403.133,4496,92176.711,291,.222452
business finance,.07606104,.96622622,.030360695,145886.84,570,159690.23,28,.094617106
business operations,.049499042,.97668082,.019026363,139543.39,657,163397.95,48,.17094727
business operations analyst,.12741479,.96971118,.014023734,85199.906,3820,101006.78,205,.18552691
business planning,.11241344,.96282983,.026175328,147769.66,1702,163724.95,95,.10797411
business planning analyst,.19681941,.97008091,.014625304,99586.641,631,107964.96,16,.084130965
business process,.063482828,.98073673,.0083932094,108778.61,1063,116377.74,45,.069858707
business process analyst,.10361385,.97619319,.012686314,102521.96,2474,112734.02,142,.099608533
business process consultant,.10378356,.97471607,.012182508,120858.47,1245,133956.66,129,.10837625
business project,.054580774,.97556949,.0095841857,121345.79,2290,137848.53,77,.13599765
business relationship,.03743656,.97131658,.017010521,112036.09,1710,124526.45,101,.11148515
business sales,.040845431,.96923995,.024248995,101953.24,1404,137979.31,59,.35335875
business services,.029325195,.97485077,.020122025,118940.43,153,136584.19,12,.14834113
business solutions,.10709618,.96839076,.016767541,120889.34,983,137350.02,84,.13616313
business strategy,.126654,.95518184,.038358919,153126.13,359,165296.92,38,.079482168
business support,.025998466,.98488754,.0085434355,80197.586,301,96118.195,11,.19851731
business system analyst,.07148017,.98424393,.013644498,107091.22,626,114146,38,.065876372
business systems,.07239119,.97898853,.011809848,137206.81,1478,171441.63,121,.24951248
business systems analyst,.10049266,.97916508,.011587933,103276.73,5249,115561.35,352,.11894863
business systems consultant,.058846526,.98400664,.0068463041,115420.45,2337,133969.11,188,.16070518
business transformation,.1471951,.96513665,.013552791,149211.31,7522,168289.05,1374,.12785716
buyer,.014096119,.9780823,.014877636,75259.633,3054,89949.734,44,.19519231
buyer planner,.02176426,.97350955,.021425623,79873.172,3084,87575.914,49,.096437164
buying,.021324057,.96497786,.033983603,81710.008,1234,87094.367,13,.06589596
cabin crew,.012574451,.97292805,.027079405,54699.863,803,104724.67,8,.9145326
cad designer,.013309734,.98501647,.0130339,70540.25,1332,73752.648,28,.045539934
cad engineer,.040352616,.98501134,.022046369,111383.88,319,124639.91,19,.11901212
cajero,0,1,.033091787,53247.555,4086,63044.445,71,.18398762
cake decorator,.0042766146,.9723416,.02289149,42904.539,4591,40395.09,100,-.058489133
call center,.01295137,.98012835,.013406217,49853.645,576,42634.352,11,-.14480974
call center agent,.0081972666,.99003935,.0027274359,43237.613,575,40370.055,13,-.066320926
call center representative,.013996687,.96545959,.027843408,40051.887,1746,45117.383,42,.12647335
campaign,.054118134,.94284058,.063281238,58396.363,2764,82827.281,85,.41836369
campus ambassador,.070805676,.90903586,.11924836,50351.98,3552,62781.469,187,.24685203
capital markets,.026469164,.96382177,.037411593,133708.66,4045,145002.77,382,.084468052
captain,.0065234872,.98482054,.020236284,72068.023,1015,90447.914,25,.25503531
care,.0061449097,.98357022,.015511767,64435.348,1130,52355.949,6,-.1874654
carpenter,.015581737,.97847784,.026447684,49865.414,2091,46489.625,37,-.067698002
case,.0094247516,.97853732,.015476839,64585.938,1408,62705.445,31,-.029116124
cash,.019404653,.97540092,.019973978,46857.359,230,72500,1,.54724896
cashier,.0059143892,.98618066,.011224635,33286.02,1018,35683.102,31,.072014682
cashier customer service,.002968725,.98298538,.010768199,30511.631,909,32002.023,9,.048846703
cashier sales,.0033603129,.97995728,.013023967,31250.326,551,34060,4,.089908622
cast,.0069536297,.95405042,.02919839,36581.457,1833,39622.297,36,.083125167
catering,.0053032041,.98315752,.014966067,40268.531,536,44132.438,32,.095953494
central,.018426048,.97228241,.018353425,125099.05,1363,179737.05,38,.43675792
cfo,.019853558,.97477996,.023793863,186679.22,155,208520.41,27,.11699849
change,.029149354,.98261213,.018787466,127310.2,833,129214.76,80,.014960015
change analyst,.0088594556,.98562914,.013296542,101844.14,724,109645.05,36,.076596595
change consultant,.073023707,.96300507,.022669282,122319.18,2535,135876.8,236,.11083803
checkout,.0051728515,.9730708,.021234455,37302.414,1901,39817.074,19,.067412801
chef,.0059082843,.98328894,.013205699,52077.227,764,45661.543,24,-.12319557
chemical,.010849112,.97909516,.020291813,54919.543,1929,39157.266,12,-.28700671
chemical engineer,.029027089,.96413201,.034475595,95597.906,688,102131.41,8,.068343632
chemist,.010821933,.98116648,.019815873,81842.18,254,81552.609,11,-.003538155
civil engineer,.014522551,.97093487,.034470595,100852.33,1607,97294.813,31,-.035274502
claim,.0089640608,.9854579,.0061423904,108273.96,324,96877.414,5,-.10525658
claims,.006888099,.98378813,.018049702,87060.023,654,89987.141,13,.033621829
claims adjuster,.0037187217,.97929502,.019309176,68936.227,914,72295.281,18,.048726987
claims analyst,.022221845,.98494017,.0091272565,70771.352,1112,56708.004,30,-.19871525
claims examiner,.0085607059,.98270577,.01261374,65498.926,3836,86642.531,87,.32280844
claims representative,.0082445033,.97781277,.015874283,66905.773,5770,81816.383,114,.22285983
cleaner,.0037078843,.98660558,.011988238,33345.27,1439,30563.607,25,-.083419994
clerical,.0081259171,.98067057,.016117282,38275.809,1235,39125.781,35,.022206524
client,.024561275,.97912759,.01314182,102459.14,817,132634.13,47,.2945075
client account,.032968648,.98056394,.013972726,96547.711,904,112743.56,33,.16774972
client relations,.020380836,.9573791,.043350682,79551.938,265,86930.422,19,.092750527
client relationship,.019757748,.96993709,.017243832,85857.93,930,110885.44,66,.29149908
client service,.0046151076,.97983742,.011873058,65301.867,707,82886.68,25,.26928499
client service representative,.0072080744,.97808367,.014360519,44731.215,2766,57409.043,46,.28342241
client services,.012763871,.9752031,.019651806,83908.18,1645,99731.461,74,.18857853
client solutions,.14733137,.96955347,.0080246273,117470.05,2719,133919.05,297,.14002718
client support,.035138134,.97304261,.020435441,61878.512,1045,71235.273,43,.15121181
clinical,.01646908,.97035277,.031680137,91393.125,3455,108387.34,97,.18594627
clinical data,.062414669,.97314191,.017151114,109489.89,1209,150290.22,64,.37264013
clinical operations,.027827241,.96652734,.01587975,132453,8046,159211.88,518,.20202543
clinical pharmacist,.015116537,.97049654,.029185576,85641.828,1480,85071.625,25,-.0066579981
clinical project,.023470329,.96796346,.021969926,128425.83,2347,141094.81,102,.098648258
clinical research,.01509412,.96611643,.030846547,115090.67,2105,128713.99,97,.11837032
clinical trial,.019151445,.97535884,.0079922304,79920.102,1729,82613.273,25,.033698305
cluster,.0062114196,.97824073,.0092978394,64400.941,946,90614.523,15,.40703726
cna,.0025600332,.98125094,.016898118,44293.004,2641,44064.039,26,-.0051693232
cnc machinist,.018646374,.98901224,.0054334961,54521.27,5388,57608.414,71,.056622755
coach,.01433389,.97883797,.020749342,63505.727,1016,76327.93,13,.20190625
collection,.010335918,.99741602,.003875969,66697.797,143,37101.121,1,-.44374293
collections,.007948311,.98554897,.0096963849,49084.332,708,45499.723,19,-.073029608
collector,.010946102,.97835016,.018834177,44205.164,969,46196.156,19,.04503981
comercial,.0071049975,.98227537,.039172135,83293.547,562,122935.84,7,.47593468
commercial,.025236603,.96981931,.034646429,103493.97,375,107317.35,13,.036943048
commercial account,.034699954,.98267949,.0075121615,86424.656,268,119145.41,21,.37860444
commercial analyst,.077513084,.96576905,.026483715,92966.18,611,103408.5,10,.11232387
commercial banking,.0070671164,.96330774,.040823393,101822.88,584,116420.3,31,.143361
commercial finance,.09907712,.96100032,.020987146,130835.66,1754,147458.83,81,.12705384
commercial officer,.029579859,.97494,.024625242,144497.63,260,111762.52,5,-.22654422
commercial operations,.036513656,.97912985,.017355483,128893.31,138,146323.44,4,.13522908
commercial sales,.021275233,.96579117,.038691908,79260.984,377,101938.16,3,.28610772
commercial underwriter,.0077985381,.96441913,.035418257,99222.039,1015,166305.94,17,.67609876
commissioning,.019634295,.96448058,.026915848,117060.62,1687,139760.67,63,.1939171
commissioning engineer,.058455423,.97725964,.016054444,105695.09,1812,112776.25,53,.06699615
commodity,.029289518,.96999103,.021581087,114645.54,2953,134675.38,76,.17471099
commodity buyer,.014986821,.96734601,.026586108,86466.672,747,99075.523,7,.14582326
communication,.039953548,.95575881,.049805187,77895.906,261,97888.859,20,.25666243
communications,.032704156,.95370734,.043739531,107823.4,1249,136282.16,85,.26393861
communications consultant,.064038724,.95669663,.027804377,120229.8,4897,131446.36,402,.093292631
communications coordinator,.029836804,.95360732,.038311824,68045.117,2192,92489.898,76,.35924372
community,.024243895,.95260763,.055691794,61344.574,892,73311.648,26,.19507958
community relations,.018014831,.96305954,.039318912,73808.531,3372,86418.609,68,.17084852
compensation,.05154274,.96470076,.028171491,122592.44,6449,150680.19,483,.22911486
compensation analyst,.072249524,.95844012,.034124713,87709.266,2252,98659.477,110,.12484668
compensation benefits,.03950616,.9639098,.02675553,120280.24,2449,147462.67,176,.22599247
compliance,.016383167,.97880089,.014345573,115912.63,1183,134979.73,60,.16449545
compliance analyst,.033163909,.9748199,.014993806,86412.563,5223,97700.109,549,.13062391
compliance officer,.011751656,.97362369,.030599203,113126.69,1486,129041.77,154,.14068374
computer,.031156611,.98057699,.022349872,55013.461,108,49982.23,11,-.091454536
computer engineer,.096031204,.97914481,.031828392,104180.6,105,99611.344,8,-.043859009
computer programmer,.053813536,.98155701,.022473592,79241.5,56,98246,4,.23983014
computer scientist,.11042029,.96665704,.051815011,115389.23,157,115687.24,15,.0025826311
computer technician,.062386774,.96678436,.036389403,54360.223,176,48138.488,6,-.11445381
configuration,.052897483,.97877926,.016104165,115744.21,710,121563.09,45,.050273571
configuration analyst,.050571647,.97748291,.014434861,97628.398,3057,109316.09,219,.11971606
conseiller commercial,0,.9545455,0,71695.859,3484,75868.492,77,.058199078
construction,.0056603625,.97770655,.022393562,108866.05,1468,101764.26,25,-.065234199
construction engineer,.0094149821,.98066843,.022009689,97600.086,687,106753.42,19,.093784094
construction project,.0097574275,.97143292,.02004865,100798.34,3390,107855.65,52,.070014097
consultant project,.095114306,.97580612,.01040392,134157.06,2755,142140.88,157,.059510939
consulting,.053821605,.97902513,.014565704,143684.84,1038,145619.17,128,.013462298
consulting analyst,.079325788,.95270932,.042736515,67311.125,1905,72567.813,139,.078095376
consulting engineer,.067688972,.97538161,.020382142,156562.06,1751,187348.88,253,.19664286
consulting services,.099194691,.97042471,.020970931,171597.58,4223,196635.11,492,.14590842
consumer marketing,.086647108,.94485635,.035981603,126304.59,6940,146917.98,665,.16320381
contact center,.02335242,.983482,.0086032301,64072.281,1247,80813.563,35,.26128742
content,.11523651,.96071297,.027361868,84256.891,1498,91661.992,245,.08788719
content analyst,.14316234,.95934802,.023944769,86816.719,803,82820.68,102,-.04602845
content creator,.084766015,.95955145,.047808383,67081.242,1536,87147.969,153,.29914066
continuous,.033024333,.9654305,.027289703,85562.141,1201,95727.516,15,.11880693
contractor,.010429049,.99229789,.0068691969,89900.547,100,115502.42,5,.28477997
contracts,.013830728,.97479844,.019592358,121715.24,2333,144983.25,106,.19116758
contracts administrator,.012012493,.98065281,.013435324,79361.438,2813,79908.75,77,.0068964539
contributor,.12699561,.96358597,.06301216,113350.78,87,156644.84,20,.38194764
control,.018066425,.98636609,.0077302447,64361.922,745,116540.04,12,.81069857
control analyst,.074936122,.98013371,.013595171,79151.484,1569,87237.68,62,.10216101
control room,.026826058,.98614204,.0052334522,58829.391,1121,78035.359,5,.32646894
controller,.028219232,.98219788,.0074633006,125338.26,823,147701.94,34,.17842661
controls,.050739981,.97040164,.035239078,125406.94,595,131577.22,28,.049202073
coo,.02201746,.98361182,.0053794896,177564.38,551,194966.38,39,.098003894
cook,.0023565101,.9819544,.015005583,37172.035,2757,36348.727,83,-.022148602
coordinator,.0092594819,.97619784,.023333307,53096.984,1143,53535.961,29,.0082674483
copywriter,.066096745,.95768189,.034616429,81502.016,2703,98622.32,237,.2100599
cost,.046268135,.97717571,.028998645,102376.01,86,116250,2,.13551995
cost accountant,.04322882,.97071528,.026586859,82646.266,839,87476.648,27,.058446474
cost accounting,.036746785,.9659369,.056714632,106735.14,404,121005.11,17,.13369513
cost analyst,.078414127,.96725541,.029652776,92870.813,909,96526.023,35,.039358016
cost controller,.015789473,.98421049,.013157895,73338.406,118,145600,1,.98531723
cost engineer,.038413577,.97358757,.023216669,104154.84,1206,108717.59,41,.043807451
counsel,.03940969,.9669975,.022559898,167241.88,8331,180707.83,737,.080517828
counselor,.02145288,.96869051,.043842286,67549.383,718,110767.39,10,.6397987
counter,.011233218,.97314787,.033044118,37422.934,269,65801.313,6,.75831521
courtesy,.0058596293,.97217482,.01721891,37507.668,5253,37469.918,59,-.0010064609
cra,.011764786,.99346745,.0039181779,101407.34,852,110359.07,31,.088274933
creative,.052752763,.9592185,.040956743,126617.72,2074,152904.08,268,.20760411
creative services,.032710522,.96690047,.021460358,109711.88,3214,145241.69,235,.32384646
credit,.012276695,.97902298,.019849759,80034.039,304,73060.266,28,-.087135091
credit analyst,.040774666,.9702124,.025556203,83841.461,1295,91273.219,46,.088640608
credit collections,.038966455,.97627938,.018830437,75098.703,2133,111795.91,41,.48865294
credit controller,.01247536,.98345268,.014446519,53834.543,385,77683.289,10,.44300082
credit officer,.010692708,.97033274,.037857629,102914.44,379,134415.67,8,.30609149
credit risk,.098969921,.976771,.020745981,130960.29,909,137247.33,44,.048007216
credit risk analyst,.15298523,.96400076,.029062293,99958.688,655,117194.72,39,.17243154
crew,.0084573776,.97615647,.023130247,39442.961,3296,29884.152,75,-.24234511
crm,.10271525,.97072434,.016695019,109019.66,481,120054.84,38,.10122193
csa,.0028563072,.99188173,.0043555573,48816.102,215,65487.5,1,.34151435
csr,.0014842486,.9925853,.0027810037,34409.883,96,33505.445,4,-.026284236
customer,.01575486,.98171848,.011419792,71339.031,898,113618.06,42,.59264934
customer account,.014058389,.98496759,.0083945366,54395.504,661,56687.398,30,.042133898
customer advocate,.031705372,.97351599,.017489012,60078.277,5275,81134.633,155,.35048202
customer care,.0083163837,.98318446,.0098692188,52014.984,639,56975.305,15,.095363297
customer care representative,.006119689,.98686647,.0043149209,43533.242,4038,48960.234,38,.12466317
customer consultant,.017806664,.97332525,.0088681057,53587.707,241,64104.25,18,.19624917
customer development,.045403242,.96846128,.013178915,90321.875,616,104760.17,6,.15985382
customer engagement,.066292316,.96241331,.015888307,86597.148,911,122148.18,90,.41053352
customer engineer,.025923612,.98625958,.0052811401,101603.72,545,135230.28,14,.33095798
customer marketing,.092378214,.95104957,.017153639,118799.52,3213,143230.55,244,.20564917
customer operations,.041375294,.98068345,.007808127,91449.445,2158,133319.31,95,.45784715
customer project,.023494165,.97662598,.0089051072,115831.84,2666,128050.34,127,.10548474
customer relations,.015408026,.97871673,.016127894,51885.691,97,32469.859,1,-.37420398
customer relationship,.015529567,.98299766,.01109161,70966.195,136,98301.781,4,.38519165
customer representative,.0080216192,.98395675,.010666896,45240.012,43,69575,2,.53790855
customer sales,.0028031948,.97969007,.011900319,51030.309,197,54568.188,4,.069328971
customer service,.005922243,.98915362,.0053509157,46399.078,1577,57383.586,39,.23673978
customer service agent,.0092710163,.98422861,.0080109481,42506.148,1938,41244.906,16,-.029671995
customer service analyst,.053649314,.97989297,.0096044429,62519.531,1669,71573.539,37,.14481887
customer service cashier,.0026179445,.98942769,.0046769669,33323.461,1502,29060.299,62,-.12793276
customer service consultant,.0078025255,.97661328,.017343642,43486.336,853,46611.793,11,.07187216
customer service coordinator,.020416569,.97900867,.011185775,56405.164,3039,65396.262,25,.15940203
customer service engineer,.02332576,.98041964,.015023105,89538.453,425,66271.93,5,-.25984952
customer service officer,.0056181522,.98380089,.016798416,48363.789,308,66702.836,3,.37918961
customer service representative,.0040669274,.98315156,.0090478221,39093.094,5700,35566.469,49,-.090210944
customer service sales,.0045438213,.97337949,.024869548,37766.375,399,51168,1,.35485601
customer services,.010350883,.98478675,.014664443,59410.801,357,119298.86,8,1.0080332
customer services agent,.0025096037,.98122203,.01622426,40747.527,372,65396.082,5,.60490924
customer solutions,.024733942,.98090827,.011794409,91583.023,472,134076.31,18,.46398652
customer success,.07994552,.94746232,.03580384,104072.54,5276,126825.88,996,.21862966
customer support,.011145703,.98127162,.0099574272,52633.652,210,55391.586,9,.052398674
customer support engineer,.026378319,.9816004,.011853935,94960.766,315,125729.84,12,.32401878
customer support representative,.035267927,.97506261,.013496779,51421.969,950,50185.973,25,-.024036344
cyber security,.094414979,.9610765,.043421291,120437.07,2095,138601.89,387,.15082416
cyber security analyst,.079938695,.97158539,.023674108,108840.87,2450,120307.01,415,.10534775
data,.050660994,.98011374,.016066145,81427.891,859,105634.23,53,.29727337
data analyst,.24821046,.96838999,.028677985,100249.55,2881,114019.87,311,.13736033
data architect,.39890331,.97287983,.022155475,141993.73,5004,165272.58,1547,.16394275
data center,.040561974,.98171538,.013657307,99024.328,270,100676.09,13,.016680323
database,.088727489,.96821606,.022125596,85146.977,51,75920,1,-.10836529
database administrator,.10097119,.99049735,.0060593341,120579.73,732,115045.43,55,-.045897469
database analyst,.23283041,.97416639,.017060339,102126.16,510,112507.33,43,.10165039
database developer,.17314863,.98474967,.01444972,113217.23,369,107072.79,49,-.054271288
database engineer,.33635879,.97899401,.014254658,136626.84,2277,154510.69,395,.13089554
dba,.036489472,.99458319,.0014807617,106884.69,122,139838.31,8,.30831006
dealer,.0079576159,.99205649,.011925871,46796.383,91,36535.5,1,-.21926658
deli,.001691431,.99095649,.0043858411,37774.473,1668,39032.148,24,.033294331
delivery,.026285667,.98660207,.0088852942,86306.117,788,145642.77,34,.68751383
delivery driver,.0029878942,.98337203,.0099328812,37012.191,3781,41205.902,51,.1133062
delivery project,.10212792,.98376477,.0023654369,147185.34,1598,162852.75,171,.10644678
demand planning,.1420594,.97347152,.011227041,99182.891,1534,125234.55,58,.26266289
deployment,.046886854,.97890621,.0070248502,111712.32,114,96442.383,5,-.13668983
design,.02356169,.97194207,.026017785,134397.95,579,184836.31,28,.37529114
design consultant,.015554227,.96613914,.031182069,98617.5,539,165608.05,9,.67929673
design engineer,.024420295,.98614472,.011868206,118898.3,692,159615.42,48,.3424533
design engineering,.039791331,.9709003,.02305956,119363.21,2349,154938.75,172,.29804441
designer,.01723605,.97816795,.021468656,88396.492,796,106033.6,55,.19952273
desktop engineer,.040609099,.99033976,0,85547.617,366,92626.086,28,.082743026
desktop support,.030358188,.98190522,.010672824,68802.672,540,71889.227,33,.04486097
desktop support analyst,.036878884,.98494983,.0013586957,72142.555,1335,69258.563,60,-.039976295
desktop support engineer,.063900374,.97765529,.014367376,66362.031,279,65143.223,19,-.018366054
desktop support technician,.063291818,.97559053,.017475879,66144.797,3429,78649.086,126,.18904418
developer,.067000382,.98164004,.018698348,129883.59,312,130186.2,41,.0023299109
development,.045571093,.97502965,.016772419,145640.11,1306,158491.44,97,.088240311
development consultant,.057613589,.96530509,.025541019,125361.63,1034,153090.94,108,.22119458
development coordinator,.034357101,.96827745,.018376991,83309,288,93264.703,20,.11950333
development engineer,.11617209,.97734326,.027305121,125121.39,415,164721.17,45,.31649089
devops,.18910569,.98329651,.0020746889,126649.3,391,153779.64,61,.21421623
devops engineer,.41997442,.98550689,.0098054372,130888.06,4726,140141.7,1065,.070698887
digital,.20904946,.9564631,.029563576,128027.35,4652,139892.75,1189,.092678621
digital account,.065517172,.96153021,.01428058,91065.125,5300,106248.6,476,.16673207
digital designer,.091603212,.96792161,.026546195,110642.46,2476,125874.55,252,.13766944
digital marketing,.17121321,.95647734,.029635277,87395.836,2115,99481.836,275,.13829035
digital media,.1129335,.95010018,.04664281,95110.789,1264,105148.93,142,.10554156
digital product,.15166,.96555102,.014547842,133933.58,5121,154420.77,1185,.15296528
digital project,.098539859,.96697712,.019805718,106639.52,2134,124527.63,163,.16774371
digital sales,.087183222,.95272338,.036424793,90834.211,2985,115527.45,181,.27184957
directional driller,.020961959,.97291338,.019493433,71967.914,6341,96921.805,183,.34673634
directors,.015148528,.97855091,.023781883,160221.41,423,155490.45,17,-.029527597
dishwasher,.013458621,.97468495,.029912407,32619.713,2887,30226.729,57,-.073360071
dispatch,.0071087843,.98154438,.013584755,47647.129,1219,49565.746,15,.040267214
dispatcher,.0091190683,.98730081,.0087455483,46307.105,1628,41423.336,40,-.1054648
distribution,.021667404,.97262871,.025221117,85438.625,893,106734.32,8,.24925138
distribution center,.024347058,.96736288,.023571042,68730.297,5096,79550.023,48,.15742296
distributor,.0081832055,.99239796,.0066342428,69880.969,754,123434.67,27,.76635605
doctor,.015114637,.97070801,.052139439,108388.84,1027,105047.64,31,-.030826079
document,.020763602,.98456264,.0081258537,56491.328,486,57414.941,18,.016349647
document control,.01669503,.98190379,.011358412,64984.07,1710,73362.695,36,.12893352
document controller,.011266334,.97349077,.028676834,64469.617,574,53113.539,21,-.17614619
documentation,.0034742432,.98552501,.0086906375,67075.82,101,103666.6,3,.54551375
driller,.0038346224,.98413384,.014665587,53870.766,4480,59332.469,49,.10138529
drilling,.0076684421,.9764601,.020586167,79362.844,707,80972.938,3,.020287752
drilling engineer,.038329393,.96278906,.031120375,101571.16,735,140012.28,25,.37846497
driver,.0023884445,.98984444,.0068230024,46155.215,837,45546.332,15,-.01319207
drug safety,.018466024,.98454297,.0069911825,73365.234,3252,96985.781,169,.3219583
dy,.015106982,.97283483,.021067619,88801.406,373,75576.719,7,-.14892431
e commerce,.039245859,.97713393,.014184406,63430.961,262,68136.055,12,.07417661
ecommerce,.047909461,.97682822,.0068948227,83774.5,835,101417.5,63,.21060108
economist,.068717785,.9615562,.051512897,119153.29,212,123599.58,12,.037315704
editor,.035665724,.97017515,.029504733,75552.477,1263,81977.992,114,.085047051
editorial,.053321503,.96459705,.033677734,72829.031,289,87634.688,30,.20329332
education,.028047699,.96604133,.034233112,77157.633,578,122372.63,15,.58600801
ehs,.012134268,.97514284,.018708525,89921.375,2681,88452.906,30,-.016330587
electrical,.02225057,.98280835,.015139587,79632.5,1732,83332.633,38,.04646511
electrical design engineer,.034035482,.98614717,.0084165111,115951.02,2071,118987.95,81,.026191419
electrical designer,.013713844,.98344517,.014152462,84076.445,754,116661.95,18,.38756999
electrical engineer,.051082335,.9781729,.020517454,110143.16,3402,114103.31,166,.035954554
electrical engineering,.068646006,.96100628,.04693038,92866.352,2709,101325.13,127,.091085531
electrical technician,.067249343,.98342061,.011300226,63770.273,1344,72436.172,39,.13589245
electrician,.028717302,.98452139,.016359203,59732.828,3732,61589.07,87,.031075746
electronic engineer,.10838217,.98022902,.026685823,102968.45,318,103350.69,23,.0037121503
electronic technician,.079110041,.98133039,.015547695,63610.898,2138,63543.656,68,-.0010570859
electronics,.034669332,.9798196,.039739557,52740.234,122,114626.25,3,1.1734118
electronics engineer,.065654986,.97475374,.033621401,110381.66,337,107962.96,18,-.021912113
electronics technician,.044884361,.97681987,.026728546,65240.375,2863,65728.766,100,.0074860179
embedded software engineer,.1258411,.97407687,.02391063,129287.64,4937,149576.13,1095,.15692517
emergency medical technician,.015492822,.9656809,.041532844,54743.863,1935,49119.559,45,-.10273854
energy,.023723194,.97420132,.02075335,102358.13,781,123930.95,39,.21075816
engagement,.062787481,.96084535,.022210225,114743.01,1328,142169.42,117,.23902471
engineer,.043925107,.9795624,.025633579,117179.57,2712,144482.19,272,.2329981
engineer i,.050141051,.9725799,.02396423,96658.078,3193,129350.64,202,.33822897
engineering,.038326543,.97603416,.026030537,118652.53,1795,173847.16,134,.46517867
engineering project,.040723499,.97616446,.011218918,140626.63,3208,178832.95,183,.27168632
engineering technician,.030803671,.97572094,.028170513,71689.586,2442,83771.172,52,.16852637
environment health safety,.0126059,.97369021,.021910092,114556.25,1625,157340.45,19,.3734777
environmental,.010425191,.97440416,.02165889,91770.867,3218,98380.469,40,.07202287
environmental engineer,.015667519,.97311455,.025922101,106677.88,1475,102024.69,17,-.043619119
environmental health safety,.016291328,.96807665,.027032496,73649.695,3648,82927.672,40,.1259744
environmental scientist,.024484675,.97413486,.021482848,82865.836,3201,103583.11,71,.25000983
equipment,.0075739576,.98297322,.017346382,49893.414,492,61393.945,2,.23050199
equipment engineer,.059306785,.97184777,.018036541,90960.727,2714,98002.156,117,.077411756
equity,.018309996,.95768678,.066927008,118042.83,704,141362.48,50,.1975525
equity analyst,.023702018,.92371321,.078390151,59297.172,958,73423.961,28,.23823714
equity research,.038886696,.94342601,.061980627,99569.938,1292,108007.02,85,.084735274
equity research analyst,.080410957,.93158978,.065244481,100997.75,1203,101999.96,61,.0099231014
escalation,.017828669,.98328137,.0031120332,68520.969,738,104669.05,31,.52754778
escrow officer,.0046279579,.97478551,.030504245,56778.234,3156,70379.719,49,.23955455
etl developer,.19694555,.99412227,.0023748833,107790.73,1815,115097.71,183,.067788541
event,.0132591,.9571135,.05729118,49384.188,419,84234.227,18,.70569229
event coordinator,.014012719,.96005642,.042154185,49418.23,565,51209.074,14,.036238525
events,.017995387,.96638626,.031902384,73377.25,1816,92532.727,71,.26105469
exploration geologist,.0096852873,.9878875,.0072581023,78166.609,1062,110628.21,36,.41528732
export,.015589556,.98111284,.013922229,66410.977,344,49961.645,6,-.24768996
f b,.0040654605,.98587418,.0060775327,49287.043,692,41354.023,4,-.16095547
facilities,.010721142,.98039484,.015233945,84507,1638,70867.813,33,-.16139713
facilities coordinator,.013244939,.97475421,.015944691,60146.855,1611,57507.156,40,-.043887567
facilities engineer,.02209311,.98086429,.01009232,105246.03,1967,105106.81,29,-.0013227933
facility,.0036870437,.98750675,.0069655906,73049.133,266,74028.969,1,.013413382
factory worker,.01182279,.9820056,.016568948,39271.289,1582,42493.59,9,.082052328
family room,.020033212,.96406001,.030676726,53864.063,486,91911.18,11,.70635438
finance,.035539344,.97388643,.036009304,101037.02,1047,129570.34,43,.28240451
finance accounting,.053617634,.9811306,.015684713,104182.63,339,151698.17,19,.45607936
finance accounts,.098192766,.97567773,.0060240962,109960.56,347,129380.13,24,.17660479
finance administration,.021156987,.97589588,.023872573,114664.69,72,123037.18,3,.07301718
finance analyst,.086153783,.97510755,.013287467,88140.43,1112,85094.094,24,-.034562301
finance business,.069673598,.9731468,.0354615,121468.98,917,134025.11,41,.10336898
finance controller,.056427017,.96684265,.026683588,138536.45,1898,153920.23,61,.111045
finance officer,.03118895,.97451806,.032288663,69006.133,176,61254.152,5,-.11233756
finance operations,.045124501,.98197222,.014434976,127420.73,89,152985.44,11,.2006322
financial,.012101298,.97891617,.02300138,102042.25,343,96889.516,11,-.050496086
financial accountant,.019878916,.97829372,.0089881383,86420.617,500,92395.719,23,.069139771
financial accounting,.030114492,.97244728,.021379415,96628.617,387,130011.6,22,.34547719
financial adviser,.0027216179,.97900611,.027992196,86444.844,994,115493.21,31,.33603355
financial analysis,.10944489,.9551636,.044344127,129806.74,1366,158970.58,70,.2246712
financial analyst,.07903704,.96781528,.025982168,92337.703,4231,103331.79,126,.11906389
financial analyst fp a,.2017453,.93970817,.038134728,101207.62,8564,123578.7,465,.22104144
financial center,.0029364135,.97753114,.015769649,69190.383,1168,99811.344,14,.44256094
financial consultant,.023709778,.97767127,.02613496,125007.77,580,143699.8,38,.14952689
financial controller,.067618661,.98037744,.0076821926,120071.71,631,131254.91,35,.093137637
financial officer,.035627887,.97151572,.030284191,181433.86,1292,192798.19,68,.062636204
financial planner,.0022531804,.98326117,.01517023,101148.91,1691,121935.47,82,.20550448
financial planning,.067083418,.95398861,.030491643,125367.16,3139,150179.39,105,.19791654
financial planning analysis,.13389531,.95998228,.030548081,162686.81,2984,183234.2,108,.12630029
financial planning analyst,.14779648,.96213061,.025507189,98503.711,1888,115939.49,65,.17700633
financial reporting,.036295112,.96286607,.03110938,123452.08,4158,140227.05,128,.13588244
financial reporting analyst,.095933601,.96833563,.023825224,89043.938,2303,94201.313,53,.057919439
financial representative,.0085383505,.96653879,.038267918,65879.695,917,87160.313,23,.3230224
financial service,.010338586,.97967947,.026648,38579.375,89,94088.563,2,1.4388306
financial service representative,.0027732034,.9650836,.031023417,46849.309,1541,52922.543,34,.12963338
financial services,.012859592,.97727144,.024604404,94138.938,658,127462.76,33,.35398552
financial services representative,.0071649314,.96572268,.032339226,53359.605,802,52616.734,12,-.013921975
firmware engineer,.12430676,.97576642,.021230254,129549.05,4541,162562.3,1108,.25483197
fleet,.01217963,.97702396,.018115709,62392.973,1686,71025.734,27,.13836113
flight attendant,.0018354931,.99213457,.010239811,51124.18,1158,63207.547,10,.23635328
floor,.0033751442,.9735105,.019402731,41528.582,395,37440,1,-.09845224
food,.017976614,.97920424,.025730291,49390.961,409,36410.313,24,-.26281425
food beverage,.0097558722,.96903676,.031845137,58444.137,2414,60557.207,75,.036155384
food server,.003007031,.97487473,.014796345,32823.543,1913,33132.984,28,.0094274227
food service,.0064691082,.98626351,.010435924,47039.32,1082,55752.582,38,.18523358
food service worker,.0076962886,.96594334,.028030504,33286.34,3529,32205.697,78,-.032465048
foreman,.0040168888,.97931987,.023270007,63766.32,1474,61387.727,25,-.037301727
forklift,.0094966823,.98607773,.0085293986,40025.711,12909,47309.809,131,.18198547
fp a,.22639075,.97645748,.011771251,138056.33,4639,157985.56,331,.14435582
fraud,.030446414,.98411763,.0091530951,82678.422,973,96807.836,95,.17089602
fraud analyst,.028131444,.98052412,.013261057,75936.07,1399,85843.297,155,.130468
fraud investigator,.017811766,.97661662,.018454207,72591.305,2070,89751.313,177,.23639205
front,.0020755669,.98095268,.012316864,43834.652,326,40029.18,9,-.086814255
front agent,.0085270032,.97390842,.022984875,34677.031,664,37882.836,9,.092447497
front developer,.13312179,.97200561,.016667612,86952.281,3568,110834.45,541,.27465838
front house,.0055825338,.96233708,.035135005,36889.559,1754,47013.223,40,.27443171
front receptionist,.0053429645,.96841931,.026834514,37711.5,1762,41595.508,26,.10299266
frontend developer,.086821198,.98775685,.0069765197,90617.492,3271,113754.22,470,.25532296
fulfillment,.0085889762,.98770976,.0036051469,47716.813,1258,39204.77,14,-.17838666
functional analyst,.10342431,.98612702,.0093390225,107017.44,428,108154.14,42,.010621662
functional consultant,.064314194,.97797817,.01320006,116429.06,204,119085.62,29,.022816937
fund accountant,.01099547,.96465141,.032178,84232.039,833,92578.531,44,.09908928
fund accounting,.020416666,.95916665,.0099999998,106973.77,440,122332.32,32,.14357309
fund administrator,.0090705492,.97058868,.032498799,75202.914,502,80155.25,25,.065852977
game,.0099908262,.98910105,.010596337,41021.371,396,38695.762,17,-.05669263
game designer,.06792064,.9664644,.024331573,119415.72,1761,165788.06,358,.38832697
geek squad,.016797513,.97652745,.010454768,53456.852,1030,81906.172,15,.53219223
genius,.023974832,.97725493,.013359854,65532.699,2379,114799.35,80,.7517873
geologist,.027598202,.97087741,.026523016,99446.219,802,113231.63,31,.13862172
geophysicist,.061133891,.97013402,.01960092,94931.133,776,107854.28,33,.13613182
geotechnical engineer,.042141832,.97551036,.032462604,98118.648,1197,102375.96,36,.043389432
gl accountant,.045454547,1,0,87471.141,1190,98060.602,40,.12106234
gm,.0034901886,.99503684,.0016774753,87839.109,334,150336.09,10,.71149385
government affairs,.021424804,.96370107,.030961936,134664.28,3673,149861.52,187,.11285275
graphic artist,.016784154,.98352647,.011547107,76750.016,191,102807.82,7,.3395153
graphic design,.028327055,.96063936,.049849823,67782.844,1125,77144.766,101,.13811639
graphic designer,.015336197,.96936333,.025064304,69643.977,605,76289.172,63,.095416658
grocery,.0055818707,.99247885,.0044292184,42343.902,484,40890.086,2,-.034333549
guest,.0078760609,.96491325,.024452377,41753.945,757,46776.906,9,.12029907
guest relations,.0082036033,.97579503,.019425185,38692.637,694,43884.059,25,.1341708
guest service,.0043579536,.97822565,.017176099,38446.805,1012,43960.457,17,.14340989
guest service agent,.0034655354,.98158592,.014998863,36568.273,895,38888.957,27,.063461669
guest service representative,.0073493179,.96949935,.022080213,36954.059,2990,41928.164,52,.13460241
guest services,.010821966,.96268404,.033522692,44009.016,1265,46371.445,29,.053680584
hairstylist,.0023761943,.98367631,.013121117,48171.766,3168,52289.789,63,.085486248
hardware design engineer,.051389985,.97925842,.020111449,146353.72,3641,179532.36,484,.22670172
hardware engineer,.066059582,.97811216,.023138642,122491.98,3314,140612.31,344,.14793073
health safety,.011434231,.97621292,.016231293,93074.531,1066,86663.625,25,-.068879277
healthcare,.01737709,.98125017,.018774103,83485.508,272,97900.008,8,.17265871
healthcare representative,.013091569,.9565869,.053659558,87649.711,4258,84899.82,79,-.031373642
heavy equipment,.0095758196,.98049855,.016820597,57892.738,9766,70716.258,133,.22150481
help,.017780848,.97580481,.027117489,53428.789,168,50432.148,16,-.05608663
help analyst,.043739844,.9728328,.016407857,65533.793,6294,81805.859,227,.24830039
help technician,.052246001,.96586895,.023701848,56678.527,2138,66528.57,79,.17378791
helpdesk,.035302117,.97304809,.011776496,56861.953,475,62630.316,26,.10144504
helpdesk analyst,.04181315,.97943014,.0075616781,78233.836,1321,93003.758,81,.18879199
hospitality,.0078659812,.97079986,.036008906,40734.355,327,31890.014,17,-.21712242
host,.018566538,.95614648,.053725012,37946.492,1868,28345.713,31,-.25300834
hostess,.010657716,.96374428,.039693139,36666.625,2769,40301.555,70,.099134557
hotel,.0095615592,.96824145,.033738747,61997.789,1323,67344.953,32,.08624766
housekeeper,.0024706535,.98418975,.01612778,31287.025,893,32733.693,27,.04623859
housekeeping,.0073348591,.9795835,.0200717,37130.926,955,39930.629,9,.075400844
hr,.014784146,.98158765,.017201029,81581.422,1084,91944.453,28,.12702686
hr admin,.010593411,.98730588,.015858695,65001.027,374,96436.039,24,.48360792
hr administrator,.0088244639,.97733212,.016163046,43385.727,2608,48107.832,74,.10884007
hr analyst,.085351154,.97398293,.017176136,84138.227,326,96012.367,19,.14112659
hr business,.038304791,.95995653,.030472066,113461.3,4710,129720.74,172,.14330381
hr consultant,.044060096,.97649372,.023496462,90235.617,1427,115545.17,62,.28048298
hr coordinator,.020198502,.98499942,.011155732,52083.746,831,55925.883,22,.073768437
hr officer,.01902825,.96726263,.030623101,57305.805,767,93588.031,33,.63313353
hr operations,.060898386,.97384286,.01762362,84205.031,194,104095.41,5,.23621371
hr project,.06214593,.96987045,.024488106,93826.938,1420,107408.34,65,.14474946
hr recruiter,.035120148,.98521256,.023105361,59196.219,261,60078.844,16,.014910159
hr representative,.028243711,.97114694,.021037396,62564.445,1595,71437.125,28,.14181665
hr services,.055204324,.97161382,.021971533,96679.336,2097,119694.78,108,.23805961
hris,.081961475,.9723078,.019041648,126678.52,1031,135688.42,89,.071124189
hris analyst,.088165522,.9664346,.015153242,96495.344,4532,111199.65,287,.15238357
hse,.0076194461,.97326744,.01745525,84943.172,4947,110542,73,.30136415
human,.010264121,.97612154,.020236038,73689.875,737,54952.406,11,-.25427467
human resources,.011985109,.97069854,.028501423,90177.18,1781,105614.52,23,.17118894
human resources administrator,.012627649,.97011918,.025634827,44801.332,549,48471.539,16,.081921831
human resources analyst,.064993359,.97094852,.020122642,69973.148,1481,105441.5,42,.50688517
human resources business,.05510778,.958094,.023621693,108594.69,5848,127071.15,200,.17014147
human resources consultant,.045318548,.96600103,.030304842,103473.76,1185,104236.02,63,.0073666777
human resources coordinator,.022587933,.96026111,.032068659,68987.828,4170,70612.969,91,.023556918
human resources officer,.031621069,.96495491,.043100253,67768.734,1267,83765.164,39,.23604439
human resources representative,.017061764,.9672544,.019667119,61495.418,3528,64169.824,54,.04348952
i t analyst,.1019627,.984115,.013047908,132691.63,161,138425.77,10,.043214034
incident,.035398975,.97531748,.009321671,87214.953,628,116765.54,18,.33882478
industrial,.025511753,.96715879,.03874483,111926.95,210,36774.023,2,-.6714462
industrial designer,.030660775,.9657653,.028892811,99274.094,701,132594.94,46,.3356449
industrial engineer,.080876194,.96804237,.026755163,98417.688,1181,96006.836,32,-.024496121
industrial engineering,.075062558,.94972432,.072918236,65254.172,260,99204.867,5,.52028388
information,.068202555,.97553909,.02257238,77932.859,83,81947.234,8,.051510684
information analyst,.16854313,.97670585,.021191444,108416.52,674,123277.63,59,.13707414
information officer,.067020059,.96940303,.020838667,163322.38,30,198171.7,1,.21337755
information security,.064451888,.98145819,.010723245,130332.06,423,135307.36,40,.038174007
information security analyst,.082707137,.97587204,.012052405,106021.12,2387,114849.88,205,.083273575
information security engineer,.16759863,.96904457,.023190685,126821.11,3801,142191.44,498,.12119693
information security officer,.062160999,.96813935,.020172082,152742.38,2348,164476.48,217,.076822884
information systems,.06997963,.96923578,.03231715,156515.84,209,183033.91,23,.16942734
information technology,.058211472,.98069167,.011086255,108762.69,412,143336.64,48,.31788433
information technology analyst,.112069,.96751583,.02790832,79108.078,439,73561.438,40,-.070114717
information technology consultant,.10478629,.97816241,.019250808,89876.656,93,111976.27,5,.2458882
information technology project,.10437806,.97501302,.012017783,125335.64,1233,143252.58,54,.14295165
infrastructure,.086497381,.98172176,.013564287,124892.33,333,169871.47,14,.36014333
infrastructure analyst,.095452815,.98577076,.0085310517,87620.82,433,108055.98,15,.23322269
infrastructure architect,.27397114,.97917008,.0072592548,150383.08,1566,165329.2,207,.099387012
infrastructure engineer,.19231334,.9828012,.010475734,115418.28,1079,135511.95,123,.17409436
infrastructure project,.051172707,.98720682,.010660981,119293.98,842,130496.01,38,.09390267
innovation,.132131,.96145892,.036239997,163351.7,1018,190235.72,255,.1645775
inside account,.075366087,.95770133,.033360206,79661.063,2395,107778.27,139,.35296053
inside sales,.013542802,.98177934,.015714254,67425.461,661,81200.164,14,.20429528
inside sales account,.043063499,.9747175,.022462931,69580.328,1208,92546.695,57,.33006984
inside sales representative,.03302601,.9784649,.012647415,63260.035,2822,112601.98,57,.77998614
inspector,.0080962423,.9866401,.016055731,59864.457,730,55043.719,12,-.080527551
installation,.018041838,.97817969,.018512171,83241.57,564,90875.867,8,.091712549
installer,.016928677,.98000044,.021887966,52535.68,1166,50600.125,19,-.03684267
institutional sales,.028913006,.95954621,.038120572,144270.06,257,142857.7,13,-.0097896913
instructional designer,.071231872,.96362674,.023108715,88357.844,3349,104645.71,386,.18433981
instructor,.031238165,.98276639,.015361855,79732.992,147,84191.305,3,.055915531
instrument technician,.026664708,.98498094,.0079811933,66143.203,3196,68386.656,94,.03391812
instrumentation engineer,.079085223,.98832023,.0076190005,110365.87,640,112946.55,39,.023383021
insurance,.0071741939,.98084772,.017702496,80598.727,257,112218.54,6,.39231157
insurance agent,.0023887884,.98393917,.015403273,73799.008,524,66849.258,11,-.094171323
integration,.04243587,.98092186,.0091524236,126735.23,1124,134474.42,72,.061065793
integration engineer,.10970181,.98353696,.0082227709,124643.84,766,138671.52,82,.11254203
integrator,.055325985,.98340225,.011053719,123202.48,303,132765.05,20,.077616706
interaction designer,.18794385,.95835245,.042205878,107060.42,3012,130965.53,664,.22328615
interior designer,.0054007946,.97570777,.024440998,84423.555,847,108052.67,18,.27988774
investigations,.022364857,.97931701,.012694744,96913.922,1137,113052.59,75,.16652584
investigator,.035479784,.9714601,.032840032,94397.953,910,124434.7,49,.31819281
investment,.013792269,.97710001,.029184891,145859.05,299,177355.75,9,.21593931
investment analyst,.044307575,.96261644,.042243276,113940.58,2114,138393.16,121,.21460816
investment banking,.0083064344,.954391,.052617211,165406.19,277,200637.77,14,.21300036
investment banking analyst,.022905141,.9580574,.043602102,107244.02,2227,128393.82,184,.19721189
investment consultant,.02219744,.96689487,.035740569,111512.03,350,156720.83,10,.40541631
investment representative,.0022029052,.98304486,.017501632,105090.65,2844,131279.45,118,.24920204
investments,.014016474,.97601378,.020964263,185487.78,1756,194265.36,107,.047321599
investor relations,.024805509,.94658345,.060694188,131122.58,1617,131376.97,76,.0019400978
ios developer,.075577512,.97370178,.018155241,104468.45,2976,128001.88,541,.22526838
is,.050917342,.9747535,.024596933,122318.63,125,140777.56,6,.15090857
it,.034882259,.98795581,.0067205029,110304.91,447,120824.24,38,.095365986
it administrator,.032825366,.99062133,.0058630472,82573.57,90,73842.172,15,-.10574084
it analyst,.11945604,.9811691,.010246093,105415.34,843,120810.66,46,.14604433
it architect,.19236571,.98316479,.011556348,146241.31,1787,156066.48,294,.067184657
it audit,.06588456,.96574473,.024800695,118763.2,1766,128536.63,99,.082293421
it auditor,.065407708,.97212946,.030744804,103918.35,624,110986.97,33,.068020873
it business analyst,.10929408,.977332,.011282595,104624.02,1864,107183.82,134,.024466626
it consultant,.079715177,.98467326,.010893052,113001.19,207,113147.17,19,.0012918835
it developer,.061738931,.98305047,.010878551,113289.02,126,122273.86,22,.079308972
it engineer,.19632214,.97798657,.017176539,105008.85,300,114687.1,20,.092166036
it helpdesk,.034782901,.97973514,.028968947,60702.074,63,64481.25,2,.06225777
it infrastructure,.15965998,.97687143,.013092249,131507.14,993,155312.98,74,.1810232
it operations,.080351084,.98311001,.0084379241,121061.13,349,130318.48,32,.076468341
it project,.099023014,.97681201,.015009766,132536.03,1770,134567.11,133,.015324724
it recruiter,.11388391,.97843075,.019291144,80891.695,319,97594.969,44,.20648935
it security,.073506206,.97060883,.028609447,122762.3,238,128512.48,26,.046839945
it security analyst,.050026,.97817087,.012749786,96974.016,1891,106561.49,114,.098866448
it service,.052817896,.98103911,.0053363862,95182.484,325,104381.86,13,.09664987
it service delivery,.073189832,.96988535,.0087016467,119015.35,1260,126366.48,89,.061766192
it services,.067415908,.97052771,.010972034,119694.59,187,129974.52,21,.08588466
it support,.037211701,.97935748,.012068386,67619.719,238,74703.375,21,.10475726
it support analyst,.090133563,.97530758,.0091069695,73402.281,817,82803.852,39,.12808281
it support engineer,.16490209,.96095741,.02097854,76584.398,226,77967.141,13,.018055143
it support technician,.055858821,.96742529,.015155112,57058.863,498,58806.645,22,.030631196
it technician,.05736002,.96995234,.031029094,53707.684,346,59289.082,11,.10392179
janitor,.0057343096,.98364139,.017915085,36180.457,3026,32307.822,63,-.10703664
java developer,.1889749,.99348015,.002706463,119401.2,2417,125886.23,419,.054312881
java software developer,.024110192,.99156189,.013258099,97598.453,617,117574.88,51,.20467977
java software engineer,.22484732,.99352479,.0019043437,122214.76,2626,135115.5,426,.10555797
journalist,.023555856,.96640098,.03758594,63203.625,532,82708.969,24,.30861115
key account,.019805891,.9763062,.0099377558,112170.13,3160,144477.58,62,.2880218
key account sales,.024420831,.97067517,.021657553,109627.5,5466,135646.36,116,.2373388
key accounts,.037034992,.97671878,.015922794,105215.73,2076,138065.73,61,.31221566
key holder,.0034974869,.96588838,.024861041,37774.629,4523,30835.596,46,-.1836956
keyholder,.0068173883,.97937661,.012135071,39102.984,1850,40847.961,17,.044625152
kitchen,.0024369485,.98538935,.010856965,32273.756,423,36863.172,7,.14220272
knowledge,.099574275,.96711832,.019447342,115386.7,178,114363.87,26,-.0088644177
kyc analyst,.0034307842,.96742225,.02055528,82934.625,1327,96824.906,192,.1674847
lab,.067239314,.94956398,.079440728,54253.547,152,57232.301,2,.054904316
lab tech,.016288292,.97275424,.030316483,51157.621,1173,70042.438,5,.36914963
lab technician,.036967508,.97917032,.025211263,50643.465,532,64230.793,6,.2682938
labor relations,.019064378,.9719913,.024609905,104306.44,5045,125539.08,158,.20356022
laboratory,.019532539,.96610594,.045995586,78789.602,186,72800,1,-.076020204
laboratory analyst,.022412673,.97112787,.022260111,69791.438,1482,84112.305,28,.20519519
laboratory technician,.022997182,.96259606,.037082873,58526.086,1711,48128.73,11,-.17765336
laborer,.0026914361,.99260116,.0052485359,42057.254,1723,31437.281,18,-.25251228
law,.02083781,.96057326,.05705753,94013.641,3042,116552.46,121,.23973989
lawyer,.0281584,.96714258,.040248089,119867.59,2102,131340.58,139,.095713809
leadership,.041233893,.95943969,.041866243,89512.461,148,73832.375,3,-.17517211
leadership development,.06556426,.9433341,.038853366,103868.95,2430,138819.83,136,.33649021
lean,.025486445,.97641766,.016602753,91984.297,1686,104642.57,30,.13761342
lean sigma belt,.10531543,.96481395,.013748704,112166.4,3936,137961.34,197,.22997035
leasing,.011577288,.96579611,.023915898,62349.887,445,66791.539,9,.071237534
leasing consultant,.0078224493,.95186967,.048617177,43624.223,4402,41174.652,40,-.05615161
lecturer,.031920545,.96091139,.04733007,87487.438,67,189043.34,3,1.1608056
ledger accountant,.029356042,.98086047,.014663767,84162.57,392,104647.56,20,.24339789
legal,.019984482,.97190708,.025473107,95573.727,815,115675.9,52,.21033157
legal compliance,.025816124,.96435714,.018399192,125267.7,909,138964.75,81,.10934228
legal counsel,.035570905,.97460938,.0060280012,155109.44,1309,163890.66,110,.056613054
lending,.0056891255,.97163594,.028687282,101168.84,1181,112318.52,39,.11020863
licensing,.0099212602,.97918898,.013842519,99957.016,210,80487.531,4,-.19477856
lifeguard,.017224468,.95207179,.06680426,42305.766,1446,60126.855,16,.42124495
lineman,.007860383,.98439574,.012437524,55276.492,12319,58727.359,289,.062429201
linux system administrator,.19516471,.98264027,.0052395212,81968.766,1450,100881.37,109,.23072937
loan,.007999328,.9751972,.025789078,57831.777,372,51389.137,13,-.11140312
loan officer,.0061635748,.9750371,.036211744,66221.508,190,67822.047,4,.024169475
loan processor,.0014285874,.9858824,.010633981,46128.328,1648,52797.293,21,.14457417
loan servicing,.014594289,.97994506,.0099985227,62240.137,5180,75467.688,172,.21252444
location,.012703163,.97811151,.010382829,61013.117,501,83914.289,7,.37534833
logistic,.03877262,.99031729,.012903327,60735.063,573,80352.844,3,.32300586
logistics,.014239794,.98102027,.01464699,68550.836,1087,80970.82,26,.18117918
logistics analyst,.055514127,.97361356,.014089033,75665.93,3691,86498.508,90,.14316322
logistics coordinator,.014556348,.98175418,.010206996,57494.699,1516,56028.148,38,-.025507582
logistics engineer,.063581243,.96854842,.02618717,98350.164,945,123558.77,44,.25631478
loss mitigation,.0146656,.97953576,.0082623959,72779.586,3457,101813.37,114,.39892754
loss prevention,.0080060847,.98240972,.015330539,57668.184,1339,47351.57,18,-.1788961
m a,.036917374,.98218822,.0061216112,137322.84,528,147478.83,43,.073956989
machine,.041745387,.98799932,.014217556,41949.543,1976,169786.64,29,3.0474014
machine engineer,.58235192,.95409703,.078210875,133669.83,2463,151916.77,1684,.13650753
machinist,.015112529,.98432982,.017490491,49490.805,4113,49812.469,30,.0064994711
maintenance,.01618081,.98039079,.019963065,67607.859,3853,63820.238,45,-.056023385
maintenance coordinator,.027115967,.96998054,.022634726,87564.133,7328,92745.617,127,.059173591
maintenance electrician,.052874126,.9824512,.014164009,63653.656,3766,67261.992,142,.056687016
maintenance engineer,.036576085,.97782511,.02311277,79715.164,983,94837.789,10,.18970826
maintenance mechanic,.023566686,.97732913,.021376705,55750.902,12994,59256.277,325,.062875666
maintenance planner,.022770952,.98142642,.011158072,72983.867,3775,75012.359,54,.027793707
maintenance technician,.063603967,.98174179,.015741685,54060.473,6257,54726.793,173,.012325462
major account,.094285779,.95866168,.045489796,118591.47,4392,156583,213,.32035637
major accounts,.084690318,.95254457,.037365027,105810.16,5508,136793.52,247,.29282027
makeup artist,.0086563332,.9800303,.017746571,55563.5,2782,70765.711,58,.27360067
manufacturing,.012838205,.97352195,.026338551,66206.477,2761,81921.563,10,.23736478
manufacturing engineer,.034431309,.97246414,.026544675,93106.281,4078,102898.8,95,.10517576
manufacturing engineering,.054131042,.96327126,.022672851,98830.078,3471,129766.04,137,.31302172
manufacturing operations,.031258456,.96050096,.030213472,117721.76,5049,150240,154,.27622968
manufacturing process engineer,.055435613,.95471418,.049687009,89479.836,3430,98157.75,79,.096981786
manufacturing technician,.024585851,.97540534,.018556761,52551.605,4869,65684.508,55,.24990487
market,.025304172,.96617705,.025972296,114436.27,819,130795.75,22,.14295709
market access,.067144774,.95129883,.030493245,151413.41,5793,176982.41,497,.1688688
market analyst,.12696865,.95326352,.048348859,90861.914,89,109265.01,2,.20253913
market development,.061963186,.95959318,.030993603,119150.8,1148,142894.7,25,.19927602
market research,.099553376,.95798934,.043419473,73572.883,137,182814.2,1,1.4848042
market research analyst,.23583493,.94984829,.044460572,94657.359,299,107871.8,9,.13960285
market risk,.1563226,.97206813,.030305153,129191.55,1793,139005.78,183,.07596647
market sales,.033856813,.967448,.012696091,110147.22,1250,132379.94,37,.20184548
marketing,.030784283,.96171129,.047762148,80968.766,617,101424.16,28,.25263321
marketing analyst,.15414208,.95080936,.03857547,84695.195,1848,94386.25,122,.11442272
marketing business development,.062379003,.9637388,.046751253,131930.95,237,147692.55,21,.1194685
marketing communication,.063309811,.96351278,.029447878,98717.727,731,105466.7,33,.068366408
marketing communications,.065455914,.95114481,.045761909,95632.891,2229,115516.39,123,.20791487
marketing consultant,.083561949,.95425761,.047055945,113412.8,839,147363.39,62,.29935408
marketing coordinator,.036288157,.95977461,.032260187,69164.727,2544,89233.586,82,.29016033
marketing officer,.037273251,.96490395,.049330935,116815.92,245,150460.86,19,.28801671
marketing operations,.091724515,.95510912,.030569147,108168.91,708,126540.13,75,.16983818
marketing product,.066234574,.95558274,.032242794,141105.53,3481,166787.94,397,.1820085
marketing project,.081552245,.95960844,.028071327,94181.703,814,119954.95,61,.27365452
marketing representative,.026003495,.94039398,.076470919,62526.953,175,54829.023,2,-.12311378
marketing research,.13536218,.94120014,.066719994,92840.055,385,110073.27,32,.18562259
marketing sales,.037970435,.96005607,.056288358,73658.344,37,68303.609,1,-.072696917
marketing services,.058673814,.9730041,.030806229,104668.03,766,122026.68,32,.1658448
markets,.05051636,.96505344,.034240589,177081.94,296,177045.03,21,-.0002084134
material,.012875051,.98050654,.019397512,70095.078,352,73605.047,15,.050074399
material handler,.013733458,.98241609,.011560811,42228.316,9386,52568.238,88,.24485755
material planner,.029119495,.98330194,.0049149748,73942.828,1339,71763.375,37,-.029474841
materials,.024657127,.9733454,.028668163,94058.164,1009,97804.672,25,.039831821
materials coordinator,.01558006,.9801538,.0099195354,60587.297,2297,63289.613,42,.044602029
materials engineer,.025833448,.97244942,.023278113,103862.48,1035,135117.88,34,.30093062
materials handler,.026704714,.97496748,.025446543,46703.949,712,56602.289,19,.21193796
materials planner,.029601377,.96896619,.029599469,73383.539,2154,83579.875,43,.13894582
md,.0055870218,.99324441,.0042839204,84247.648,118,78291.484,4,-.070698284
meat,.0035076789,.98757058,.0093469545,42141.625,1121,34192.449,3,-.18863003
mechanic,.010198146,.98679346,.011608141,54016.852,5705,56725.418,67,.050142989
mechanical,.018075276,.97649992,.028556347,81241.414,1219,101712.92,17,.25198364
mechanical design engineer,.052926045,.96920723,.02954331,103658.13,3617,121111.19,144,.1683713
mechanical designer,.025745133,.98046631,.013594668,84651.984,976,89360.711,18,.055624526
mechanical engineer,.02153673,.97548747,.028552979,104285.7,2183,115103.56,56,.10373299
mechanical engineering,.056324616,.95351422,.056476399,70231.328,4042,85706.797,145,.22034994
mechanical fitter,.012658453,.98734152,.0073707448,55324.691,2469,70371.32,36,.2719695
mechanical technician,.033349074,.98200631,.014658257,63410.383,1850,59806.367,19,-.056836363
media,.047250822,.95787406,.046221547,87901.703,772,104249.01,48,.18597256
media buyer,.034789916,.96341741,.025966387,71227.797,2505,99578.969,77,.39803523
media planner,.080183066,.96040046,.0095766596,92481.148,1822,99280.07,98,.073516838
media relations,.03526181,.95000947,.059339773,91086.477,1285,115749.27,82,.27076235
medical,.010427685,.96976113,.034367234,107713.09,1842,94824.641,37,-.1196554
medical affairs,.021755505,.96167946,.027433326,174933.94,6276,182629.63,683,.043991964
medical information,.012547363,.95898181,.023506265,59860.543,1474,61608.836,33,.029206099
medical representative,.0041936506,.97551227,.014074996,92637.336,903,93281.328,13,.0069517563
medical sales representative,.0093883313,.96718049,.04144612,94243.602,257,93381.641,2,-.0091460953
medical science liaison,.017968703,.95690525,.030722458,115525.06,7107,140150.78,558,.21316344
medical technologist,.027783953,.97245455,.029939679,74951.734,1837,74433.719,30,-.0069113229
medical writer,.031761743,.95902932,.034148943,118227.46,2968,137538.03,328,.16333406
merchandise,.013852496,.9681921,.03051715,51425.168,990,114109.27,8,1.2189381
merchandise planner,.062094979,.96647584,.014729973,88419.039,1045,126465.76,29,.43030006
merchandising,.028239086,.96381736,.028470058,61016.656,1653,76482.43,15,.25346807
merchant,.021562256,.97216165,.019814167,73542.984,408,52950.289,3,-.28000897
mergers acquisitions,.039004989,.96740329,.025884978,165372.64,2110,176212.36,156,.065547228
millwright,.020873789,.98125851,.019393776,53137.074,6635,55932.617,117,.052610029
mining engineer,.036669333,.96091831,.044180311,102083.45,509,80419.563,11,-.21221739
mobile,.018049331,.98658299,.0061861384,63736.137,151,56382.883,3,-.11537025
mobility,.018359432,.98555702,.0039302274,82377.469,149,154495.72,5,.87546086
model,.01426645,.9650811,.038733333,48564.906,607,101283.47,9,1.0855279
module,.016718931,.99059665,.009403307,62582.426,66,31060.58,1,-.50368524
mortgage,.0022653297,.99275196,.0040785796,70769.133,427,76413.461,14,.079756923
mortgage banker,.0059863371,.98391223,.0095170233,72323.898,2762,118785.95,96,.64241624
mortgage consultant,.0097186398,.98564011,.011118708,84634.18,1131,109002.92,30,.28793028
mortgage loan officer,.0013907608,.98307443,.016414698,61314.582,1807,77653.477,18,.26647648
mortgage loan originator,.0076628206,.9719497,.030246459,69430.391,5697,97731.383,183,.40761676
mortgage loan processor,.0045890235,.98662102,.0053500589,54382.191,3216,69328.914,80,.2748459
mortgage underwriter,.009867317,.98521221,.0077126776,85460.039,2066,106496.97,159,.24616101
nanny,.011146063,.96704042,.037899852,47944.223,2095,46905.52,30,-.021664824
negotiator,.012513072,.97232056,.024640448,92228.875,449,119210.86,10,.29255462
net developer,.15974015,.99276245,.002950531,116478.42,614,118859.66,87,.020443633
network,.028143128,.98688293,.008752902,128227.42,304,119794.98,16,-.065761574
network administrator,.085438073,.97753811,.022654984,98847.031,665,90529.102,60,-.084149517
network analyst,.083737016,.97900575,.013029773,93246.32,1368,98901.383,71,.060646497
network architect,.19159326,.97618383,.015775627,156652.14,3607,181919.02,508,.16129288
network consultant,.11053456,.9744941,.024456263,127573.02,817,135684.34,67,.063581847
network consulting engineer,.11141677,.99248254,.0034190509,126144.95,2853,138675.91,507,.099337727
network engineer,.08260867,.98332953,.013233952,114217.69,1780,126896.92,143,.11100937
network engineering,.063603617,.97696602,.0063861855,119890.68,317,140119.84,28,.16873008
network operations,.039070904,.98063576,.0091156056,103611.73,1707,132468.98,66,.27851334
network security engineer,.15839753,.98391485,.0092763416,119498.99,2429,129827.36,189,.086430579
network services,.049543776,.98259175,.017381592,145937.28,3268,173435.11,220,.18842223
network support,.050921291,.98570085,.0084931748,86735.875,191,132565.91,5,.52838612
network support engineer,.062925145,.98340142,.0074293721,98631.883,529,112427.3,46,.13986769
network technician,.04235106,.97924316,.021602444,66386.203,2044,77873.672,69,.17304
non,.026533682,.98134267,.014452055,161415.36,4076,178782.67,476,.10759393
nurse,.0033933898,.98342484,.01757442,79258.508,1464,96810.984,13,.22145858
nursing,.0068027857,.97582459,.030456964,59518.035,1243,93323.586,30,.56798834
occupational therapist,.022651628,.98710877,.012621667,74990.711,1432,105683.49,29,.40928778
officer,.0039288811,.99056292,.010298911,135479.44,186,72973.305,6,-.4613699
online,.090294644,.96389949,.04842557,63239.367,112,50952.262,4,-.1942952
online marketing,.071251869,.99036127,.006032954,87408.695,5366,105822.61,723,.21066456
operating officer,.014684444,.98284507,.0074319793,154962.98,228,194873.11,10,.25754619
operation,.0064914427,.9943229,.0029177782,69460.836,142,136073.45,1,.95899534
operations,.011791845,.97273147,.019226441,100521.71,3567,120550.88,77,.19925211
operations administrator,.02145379,.98754632,.0055264048,54771.137,318,69060.266,15,.26088795
operations analyst,.047231331,.97864509,.014385864,81384.422,1436,92715.852,59,.1392334
operations coordinator,.01459091,.98247552,.007965697,62496.734,1474,66160.734,20,.058627062
operations engineer,.075649239,.97258258,.016747452,103031.18,1372,115745.38,97,.12340143
operations officer,.017021585,.99007678,.011311507,98900.336,59,187200,1,.89281458
operations project,.031014109,.97871566,.0080504604,116235.17,1277,129077.79,40,.11048822
operations representative,.021769563,.98029435,.012137217,46304.789,400,45792.102,5,-.011072019
operations support,.022161921,.98517048,.008351421,64827.957,1037,65825.898,21,.015393689
operations technician,.027478769,.98781317,.007170877,60167.359,716,69434.797,16,.15402766
ops,.012624241,.9946059,.0017953322,82492.922,219,127854.88,5,.54988915
optician,.0024520152,.98570788,.012455393,55172.266,1537,51573.094,17,-.065235168
oracle database administrator,.15776458,.99433953,.0021231445,121582.89,473,129399.23,37,.064288191
oracle dba,.11951655,.99480724,.0019449039,101524.37,777,114233.44,73,.12518246
oracle developer,.08661072,.98689938,.013399591,119168.59,580,125732.05,67,.055077173
order,.014491685,.98607856,.0039440361,53275.449,867,51043.551,17,-.041893564
order picker,.0059837326,.9888351,.011966512,39491.195,687,27506.57,6,-.30347589
outside sales,.013910627,.97166371,.030742858,84274.508,1084,93041.461,13,.10402853
outside sales representative,.012004627,.96453261,.030298684,72936,6309,82147.133,63,.12629062
overnight stocker,.0025080822,.99068427,.0050120563,40124.543,4143,42020.207,67,.047244504
pa,.020771513,.98813057,.0089020776,76218.438,574,85295.477,22,.11909243
package handler,.013086574,.97881544,.014220238,40862.965,9477,47171.934,100,.15439332
packaging,.012665126,.9736954,.01958745,44962.594,3056,41329.922,23,-.080793202
packaging engineer,.018153921,.96938121,.021084126,96193.344,2256,122506.24,66,.27354178
packer,.0054228185,.9817493,.010681494,35643.145,3109,37411.402,18,.049610041
paralegal,.0074064853,.98528385,.0085563501,74785.164,1574,92439.258,87,.23606412
paramedic,.018267985,.97770965,.024815846,60188.469,553,60928.004,16,.012286991
parts,.015852321,.97165573,.02874992,49128.582,1422,47087.848,15,-.041538637
parts sales,.0076579419,.97823405,.023344819,49140.043,1151,42177.75,14,-.14168268
passenger service agent,.0044208979,.98850799,.0097189387,47432.113,781,54220.73,17,.14312281
payroll,.010669228,.98423958,.011318866,79495.391,1985,108861.09,62,.36940125
payroll administrator,.0057497048,.98440379,.0090099508,51883.148,3153,62581.977,85,.20621008
payroll analyst,.032610364,.97461724,.01321213,78401.789,2093,90247.414,106,.15108871
payroll coordinator,.018292326,.97252691,.018877886,59856.844,4473,66917.898,73,.11796571
people,.034943677,.96295941,.026988929,94348.445,1279,132933.34,83,.40896168
petroleum engineer,.060931839,.97480112,.027721547,109321.38,135,73249.883,3,-.32995832
pharmaceutical sales,.017204981,.95376706,.046267681,92258.188,2128,116268.02,36,.26024604
pharmaceutical sales representative,.0094364127,.96292078,.039202169,76637.063,2629,82476.141,22,.076191306
pharmacist,.0015782823,.98346406,.012011314,102332.33,759,122466.75,5,.19675525
pharmacovigilance,.022532098,.97608268,.011977809,104641.34,652,110471.98,27,.05572024
pharmacy,.0050205542,.98251951,.012636092,78757.188,709,126317.23,5,.60388201
pharmacy tech,.0068355286,.98018116,.017713504,46418.289,1532,43465.074,20,-.063621797
pharmacy technician,.0036512432,.98372769,.0089086499,44242.121,1705,39994.613,25,-.096005969
phlebotomist,.013399472,.9743073,.023083227,49180.668,4184,56150.465,61,.14171822
phone banker,.012596968,.97303623,.022488162,44602.738,2276,50140.617,35,.12416007
photo,.012313527,.96362239,.036716007,52701.348,1399,62972.91,20,.19490133
photographer,.034241032,.96658218,.041505069,63076.793,352,64655.293,10,.025025051
physical design engineer,.046489939,.98186576,.010070564,110586.29,6981,140184.7,2155,.26764995
physical therapist,.00678425,.98009944,.018299801,75373.648,2344,74446.336,65,-.012302874
physician,.014427579,.97974718,.022398043,118583.74,2958,149120.48,175,.25751203
picker,.0089116599,.98728168,.0090612732,36463.41,2629,31960.416,20,-.1234935
pilot,.01130113,.98922938,.010297214,75718.813,1235,107585.83,44,.42085996
pipefitter,.0078925975,.98321575,.018206501,56928.043,6736,63508.059,154,.11558478
piping designer,.010704588,.97660542,.010682743,84687.563,1329,89837.32,38,.060808904
piping engineer,.026048683,.98130429,.01405032,112749.59,3172,138725.63,162,.230387
placement,.011215306,.9739148,.031766221,50315.465,149,48457.801,7,-.036920339
planner,.011546757,.98307765,.018502094,82999.883,1042,87384.531,18,.052827165
planner buyer,.051367525,.97946757,.020553265,83694.32,1057,82609,21,-.012967669
planning,.031455316,.9762302,.020650815,114433.84,736,137362.53,14,.20036632
planning analyst,.087714121,.97897589,.018397741,95585.289,482,104980.88,12,.098295316
planning engineer,.039190512,.96593761,.027497554,113508.51,321,110209.01,4,-.029068306
plant,.0095099676,.97255433,.025139637,88182.125,4549,82473.297,43,-.064739063
plant controller,.041589223,.96530074,.04185012,94883.531,1044,126605.15,21,.33432165
plant engineer,.019415736,.97073203,.032352168,98045.828,609,131350,2,.33967963
pm,.075966433,.99117219,.0029467586,129218.39,208,167406.59,25,.29553226
pmo,.059919447,.97620392,.0098585263,132821.48,1440,151952.11,85,.14403261
pmo analyst,.058390021,.97243482,.0034013605,92634.25,761,93866.977,24,.01330746
portfolio,.036221765,.97446138,.019179009,144761.17,1222,162728.48,66,.12411693
portfolio analyst,.12353099,.96221787,.027726846,93100.508,2685,98025.781,122,.052902754
postman,.011134,.98162019,.01951541,40915.188,1714,44844.957,29,.096046716
pr,.019935533,.96795893,.028707463,84624.203,370,129855.08,21,.534491
premier relationship,.010683809,.98291504,.016027996,75701.094,374,111771.23,5,.47648111
presales,.082218766,.97368306,.016426438,119640.66,431,141644.09,51,.18391263
presales consultant,.09430968,.97151953,.026316296,108106.41,170,120596.2,27,.11553244
press,.014931465,.96722269,.043550916,48193.313,448,59234.52,9,.22910248
pricing,.04566073,.9771992,.012824398,115213.54,607,180960.25,26,.57065094
pricing analyst,.079842433,.96802104,.024533596,91948.336,2018,107786.8,44,.17225392
problem,.02444002,.99083292,.0071221171,91868.563,158,95803.938,11,.042837016
process,.014461666,.98868763,.0073957918,87698.633,717,111985.89,12,.27693999
process analyst,.056534387,.97928083,.013125976,88365.766,430,94273.414,30,.066854492
process consultant,.091033362,.9719007,.02070022,115709.01,476,132364.55,37,.14394332
process control engineer,.17649865,.98273337,.011485808,116955.59,729,123387.21,50,.054991961
process developer,.012048387,.98795164,.010016129,71553.336,255,83021.344,9,.16027217
process development,.04132881,.97400582,.014375582,137803.06,978,146045.55,43,.059813507
process development engineer,.049626678,.96179223,.031709116,110341.34,4182,127672.36,203,.15706737
process engineer,.038932994,.97392881,.020901317,106011.09,3307,126705.8,60,.19521271
process engineering,.063716643,.95844626,.032114189,85470.57,1524,91737.883,26,.073327139
process technician,.025186058,.97658563,.01919692,59351.941,2252,69402.258,21,.16933425
processing,.010269728,.98888433,.0089744776,47472.582,286,47840,1,.0077395826
processor,.0032480848,.99026394,.010149442,43244.023,484,52656.602,14,.21766195
procurement,.021949403,.98112798,.014737469,111575.5,1381,130322.84,56,.16802384
procurement agent,.010793347,.97198248,.011227839,87213.469,1336,92012.75,57,.055029128
procurement analyst,.046645895,.97385144,.017830247,78086.438,1425,72938.977,51,-.06592004
procurement officer,.021869889,.96612757,.054554187,79073.031,203,50808.109,16,-.35745338
produce,.0080978181,.9878583,.010753412,39198.004,743,33281.195,2,-.15094668
producer,.01728265,.96632129,.030420464,96225.195,953,99616.852,44,.035247069
product,.07543765,.96680963,.030804332,159058.45,1915,181910.86,298,.143673
product analyst,.094707668,.96854532,.025139257,105045.17,1751,133150.02,179,.26755008
product consultant,.084929325,.96834296,.027145166,140732.83,95,148532.13,3,.055419173
product design,.15104946,.94827044,.053238124,128889.54,1317,169165.92,242,.3124876
product design engineer,.029005203,.97631907,.015728736,112182.1,1049,144850.44,39,.29120809
product designer,.089205489,.95457059,.052648604,119562.78,1136,147157.59,227,.23079768
product developer,.047195569,.97272575,.034657579,92174.75,139,152551.45,9,.65502435
product development,.068197273,.96589875,.040896352,132852.53,791,176524.08,23,.32872197
product development engineer,.051806986,.96863973,.034696698,109359.94,1202,148955.84,50,.36206958
product engineer,.047435857,.98119789,.011381621,112731.62,1179,151601.7,54,.34480199
product engineering,.090267137,.96717572,.02093132,142692.44,1046,176767.77,154,.23880263
product marketing,.16327769,.95546556,.03635681,138736.59,5104,163631.13,995,.17943738
product sales,.013840402,.98285842,.0087858941,90394.57,195,79678.188,3,-.11855118
product support,.039753407,.9826014,.013254423,93126.719,482,100805.33,35,.08245334
product support engineer,.048517816,.97789735,.014610955,96169.992,751,110814.64,53,.15227877
production,.0056740092,.98337007,.010961019,62107.309,2950,60861.902,18,-.020052491
production artist,.018835917,.97460616,.016090032,68641.063,3156,80569.656,134,.17378218
production control,.022180345,.97856951,.018921517,81808.641,522,84663.859,11,.034901187
production coordinator,.010525112,.97323543,.016878754,68820.938,3739,61440.715,46,-.10723804
production engineer,.034480721,.9758414,.021884196,114688.64,609,134200.39,12,.170128
production engineering,.062475078,.97219491,.023826374,89865.969,116,161745.53,2,.79985297
production scheduler,.018341314,.97474092,.021028019,70008.992,2357,68030.039,33,-.028267128
production support,.032538541,.98944569,.0052616759,70910.469,264,81972.172,6,.15599534
production technician,.012826912,.98425829,.010421606,47245.867,2624,48491.969,22,.026374826
products,.15596005,.96338069,.031146355,172832.88,1754,198122.05,425,.14632154
professor,.082240693,.96191955,.055004507,108451.7,269,134266.95,13,.23803453
programme,.043504275,.95871794,.015128206,149292.92,398,180136.77,28,.2065995
programmer,.033972051,.9929775,.0056180172,94836.422,81,94535.203,6,-.0031761928
programmer analyst,.048188873,.98711634,.0093719913,109614.87,380,120898.43,41,.10293825
programming analyst,.11777736,.97638583,.01699831,109903.03,90,99753.656,12,-.092348456
project,.034870394,.97635365,.016180957,110361.43,2150,110887.59,52,.0047676447
project accountant,.033539619,.97673821,.021122651,97284.461,1045,108258.25,44,.11280105
project administrator,.018475652,.97788197,.0136586,67291.555,1048,66484.797,35,-.011988991
project analyst,.053759381,.98030508,.012885721,96948.172,1519,104743.34,52,.080405481
project architect,.016842777,.98109174,.017862208,115047.55,311,168456.86,13,.46423677
project business analyst,.050294891,.98703253,.010213062,100241.93,142,84430.25,4,-.15773518
project consultant,.054160751,.98064017,.010561989,116179.13,1269,112817.3,49,-.028936591
project control,.036701918,.98237789,.0043947417,119066.1,185,93602.797,3,-.21385856
project controller,.080757357,.9798016,.020089706,109655.6,317,90842.438,18,-.17156592
project controls,.052378856,.97459084,.0198946,109414.86,3556,123651.39,123,.13011515
project coordinator,.017237768,.97094941,.02728891,85633.969,1089,81529.758,34,-.047927372
project delivery,.050725009,.98169845,.0075834985,119543.38,3128,116575.2,104,-.024829311
project development,.018278178,.97574496,.018157184,123027.77,207,83235.281,2,-.32344317
project engineer,.026400268,.97978163,.015113717,112373.74,2739,124595.25,68,.10875768
project engineering,.02711672,.97906613,.015624788,98473.039,1453,109933.27,31,.11637934
project finance,.037255786,.96595013,.035809599,129728.03,478,131706.75,9,.015252823
project officer,.0284153,.96721315,.044808745,75879.766,150,67183.758,4,-.11460246
project planner,.020496823,.97614181,.011447608,99778.547,1130,98186.508,20,-.015955726
project scrum,.08499819,.98089218,.0042967317,119815.93,2187,142827.34,240,.19205639
project support,.032258749,.98851085,.013803941,70121.555,106,67850.461,7,-.032387953
projectmanager,.029557368,.94573867,.029557368,107347.06,629,115807.69,20,.078815617
promotions,.023004044,.94786704,.06015281,50696.785,1496,57514.039,38,.13447113
property,.0061458023,.97143227,.032934923,65726.523,1102,62134.184,25,-.054655861
proposal,.019133182,.9759565,.014111342,102055.45,1572,108928.66,77,.06734781
public affairs,.024285294,.9568119,.050104536,98293.555,2016,102528.51,82,.043084748
public relations,.016954955,.95097589,.074381582,83932.125,145,92672.375,16,.10413474
purchase,.018293362,.98172522,.0091466811,86835.703,85,141770.14,3,.63262498
purchaser,.0097790938,.9727869,.037204105,67116.703,430,70798.055,17,.054850005
purchasing,.014723283,.97603697,.026997585,85310.813,431,79302.063,14,-.070433624
purchasing agent,.016254472,.96855366,.032482624,58221.645,760,57564.945,21,-.011279297
qa,.033419073,.98910546,.0038642676,92539.859,403,113039.36,16,.22152077
qa analyst,.14218387,.98619765,.004959539,97871.148,1454,103631.31,122,.058854569
qa engineer,.16433167,.98584449,.0068199961,105853.39,364,110912.21,44,.047790818
qa qc,.0074869171,.97687006,.011568671,94608.945,341,101104.42,5,.06865605
qa tester,.1064501,.98323917,.011713748,87912.656,180,90387.086,19,.028146455
qc,.0098596439,.98312747,.011588058,78110.125,250,84217.875,7,.078194089
qc analyst,.027552925,.98557079,.01047142,81182.016,792,95792.914,43,.17997703
qc inspector,.0053351694,.97725201,.017953364,67145.867,3172,65439.828,42,-.025407953
quality,.011566851,.97860885,.020129707,110052.12,2232,147690.22,35,.34200251
quality analyst,.022342466,.98764181,.0063736136,79882.359,911,103250.47,22,.29253155
quality assurance,.012934842,.97595227,.019253675,97762.203,2122,110430.56,45,.1295834
quality assurance analyst,.049990773,.98424649,.0060617733,80680.781,2813,90194.188,107,.11791416
quality assurance engineer,.087235332,.98113382,.011897963,101445.7,608,111047.62,34,.094650857
quality assurance technician,.013298346,.97674316,.018932285,54664.129,2854,66659.289,44,.21943384
quality assurance tester,.083744809,.97475165,.012952102,75687.219,314,97743.766,27,.29141706
quality auditor,.010186807,.98089457,.014120996,66249.102,650,121577.49,1,.83515686
quality control,.0082594845,.97754806,.024019442,61286.742,391,91388.258,9,.49115869
quality control analyst,.019399345,.97684717,.012549807,67826.102,1262,78138.133,57,.15203632
quality control inspector,.0069318917,.98243004,.015504572,51663.801,2802,56370.121,30,.091095127
quality control technician,.016343473,.97844231,.018692063,51679.551,1618,54948.211,17,.063248619
quality coordinator,.016344849,.97247851,.01975552,79481.063,2033,77697.945,20,-.022434492
quality engineer,.027915113,.97359186,.020140994,98428.453,2786,113897.16,87,.1571569
quality engineering,.055636726,.97086996,.030584732,99463.883,2185,131903.75,123,.3261472
quality inspector,.012497245,.97237623,.025262062,50781.535,2773,47546.645,27,-.063702106
quality systems,.030071031,.9713304,.017243765,110180.2,3365,129654.84,79,.17675255
quality technician,.016763017,.97845042,.013643872,53454.504,1637,70544.852,20,.31971765
quantitative analyst,.25873184,.96707368,.038460892,110812.05,3842,134651.58,920,.21513483
quantity surveyor,.03167421,.97285068,.027149323,93422.672,723,104168.73,15,.11502628
r d,.083429441,.97223425,.028657984,156516.38,241,177862.41,17,.1363821
r d engineer,.18491814,.96926242,.040084131,122747.05,686,141530.64,156,.15302685
r d project,.046080917,.96654832,.030681597,128847.97,348,146895.36,20,.14006732
ramp agent,.0069124051,.98470271,.012956771,46106.484,2608,38258.711,40,-.17020975
real estate,.008310739,.97347391,.025099538,107054.7,1378,138157.86,34,.29053518
real estate broker,.008620142,.9833957,.01674407,77059.906,813,95360.133,12,.23748052
realtor,.0075148111,.97627664,.024661373,66672.445,2550,99896.07,28,.49831119
receiving,.012966402,.9806788,.013025634,41357.137,4938,42723.91,45,.033048067
reception,.0049085738,.9693892,.02443446,40203.922,242,45838,2,.14013752
receptionist,.0091256537,.97259629,.023748111,37432.813,1702,44343.922,29,.18462704
records,.040977962,.97580016,.016036194,58420.918,1619,67964.523,35,.16335939
recruiter,.034693591,.97075522,.031031774,60414.895,1177,91074.742,36,.50748825
recruiting,.061860394,.96703768,.026020363,85104.844,923,135672.22,38,.59417742
recruiting coordinator,.054359086,.94470173,.046159938,54918.32,5438,73047.594,230,.33011341
recruitment,.024507038,.97637796,.025678616,51395.5,1242,67580.297,27,.3149069
recruitment consultant,.036098301,.97773075,.031150207,81045.711,6189,109509.42,277,.35120565
recruitment coordinator,.020885248,.97016841,.038029794,53221.355,2364,56014.566,54,.052482896
regulatory,.010859286,.9746151,.015237459,130808.05,668,145960.36,20,.11583624
regulatory affairs,.0087839235,.96958578,.02661979,129396.31,1899,143697.59,89,.1105231
regulatory compliance,.021244697,.97578317,.011998001,116342.1,2933,134893.23,128,.1594533
reimbursement,.027065352,.97805911,.014868228,70997.469,4887,92028.891,166,.29622778
relations,.029888809,.95447814,.05241821,98543.867,587,121803.54,23,.23603368
relationship,.01733795,.97275168,.023267418,102823.74,727,112162.95,37,.090827376
relationship banker,.0019588245,.97662783,.014139596,52955.133,720,105707.8,7,.9961766
relationship banking,.022389308,.9589808,.026148707,128458.56,157,124231.55,3,-.032905675
relationship officer,.0049937586,.97586453,.030792765,63721.527,219,80950.414,7,.27037781
release,.067990787,.9835341,.010163729,118799.37,539,141533.77,42,.19136801
reliability engineer,.080827489,.97224975,.016448557,106465.88,3161,125720.61,139,.18085349
replenishment,.042277686,.96803784,.025783585,57785.332,531,69118.688,4,.19612859
reporter,.029226135,.9633745,.046959884,70718.891,748,78953.75,45,.11644498
reporting,.10823138,.97133029,.03973978,116019.46,261,133402.23,13,.14982636
reporting analyst,.22184378,.96627104,.021026794,93535.984,2952,100543.95,168,.074922621
representative,.0092570912,.97944176,.026175566,56984.762,125,72394.93,1,.27042612
research,.15101916,.94539154,.089565754,99117.188,971,124846.89,138,.25958872
research analyst,.10315292,.94751245,.06074696,108419.67,632,127332.21,32,.17443827
research chemist,.021112155,.96707338,.029542636,124619.2,1436,151110.28,103,.21257621
research development,.075131461,.96019232,.055458795,115215.03,174,192037.92,4,.66677839
research development engineer,.14080301,.96010566,.066452257,81623.648,272,104248.5,28,.27718499
research engineer,.23471813,.96402562,.06076742,133697.13,1550,168024.53,505,.25675499
research scientist,.090706319,.96179485,.044274516,138084.42,1783,165300.38,580,.19709648
research technician,.044236161,.95195264,.040843271,76656.938,320,90705.453,10,.18326476
researcher,.1545088,.96181822,.067917675,123610.73,162,159756.8,69,.29241857
reservations,.024960961,.96705091,.029440334,54412.262,1200,59969.645,30,.10213475
reservations agent,.0071868533,.99120057,.0074114557,45807.418,922,57412.816,23,.25335196
reservoir engineer,.083124027,.9709577,.016504623,122147.48,2356,140733.27,208,.15215853
resident,.011248477,.96542871,.060332522,57895.41,678,43371.719,8,-.25086084
resident engineer,.013909194,.97320014,.027328659,105865.94,1589,118802.06,46,.12219346
resolution,.014751408,.97993702,.0093004452,57121.602,1210,62434.98,27,.093018733
resourcing,.020547945,.97945201,.020547945,74063.617,9650,107641.89,677,.45337069
restaurant,.0051510036,.97981274,.020437704,49218.207,955,52027.906,26,.057086583
retail,.001966906,.99361253,.0029494455,46315.141,242,85019.453,2,.83567297
retail account,.03409319,.98761177,.0082730362,77562.969,976,91010.398,11,.17337435
retail banking,.0070921984,.99290782,.0035460992,87977.492,190,162609.23,8,.84830493
retail consultant,.015782101,.98049027,.013727626,66547.938,198,70448.242,1,.058608949
retail marketing,.058771357,.95394731,.027556423,96160.773,942,108211.05,23,.12531382
retail operations,.012490569,.9750632,.0076933317,70537.242,937,93250.633,22,.32200566
retail sales,.0063660173,.98217863,.012954494,40185.316,1145,46077.773,3,.14663209
retail sales consultant,.009740591,.97785729,.012350431,52038.352,2894,109322.55,28,1.1008074
retail sales representative,.0073864833,.98763758,.0096069146,52313.012,769,46235.695,3,-.11617218
retail salesperson,.0028645005,.98003709,.012508761,39562.309,1503,50406.133,4,.27409482
retail store,.0057330551,.97110283,.016628686,52403.129,4050,57198.422,33,.091507763
retention,.018737692,.97218227,.01784936,49792.008,2370,80120.391,34,.60910141
revenue,.045789041,.96838236,.027425811,107811.75,615,120997.73,34,.12230563
revenue accountant,.018071428,.97237504,.009580357,88785.398,2625,106356.15,94,.19790135
revenue analyst,.092552416,.96309179,.033085722,95092.203,613,113542.53,19,.19402567
rf engineer,.049253069,.98535913,.0086231586,113013.84,1275,118977.13,85,.052766077
rigger,.010264481,.98684579,.0058546676,61930.07,3471,60943.176,63,-.015935628
risk,.034079175,.97661042,.021469491,136543.3,804,148031.73,42,.084137693
risk analyst,.083162062,.97539663,.017500855,98373.258,1700,106449.35,226,.082096435
risk compliance,.046509132,.97293401,.012827335,138631.52,3088,148903.14,490,.074092999
risk consultant,.040026002,.97958243,.010523448,120998.95,712,126890.38,41,.048689991
risk officer,.033508644,.9738332,.023984235,141299.19,1473,153219.94,201,.084365308
rn,.0049133678,.9822799,.016346181,70664.563,5611,91177.836,213,.2902908
route sales representative,.010162681,.96653759,.025042964,54369.473,4823,50902.914,48,-.063759282
safety,.0071433149,.97589022,.019275274,68945.258,2672,73007.789,26,.058924012
safety coordinator,.0064029871,.98134005,.011755535,74671.867,3369,78985.039,33,.057761673
safety engineer,.026048321,.97124708,.02475119,99266.586,2307,127923.71,71,.28868854
safety officer,.0054841116,.97398043,.03453844,57714.188,178,54138.078,3,-.061962396
sale,.0041316971,.98912901,.0096366424,37837.754,154,52836.941,1,.39640799
sales,.0086615058,.96703655,.034603659,84299.203,2459,90825.766,74,.077421404
sales account,.04923939,.96671963,.0394696,94517.969,1544,111869.19,75,.18357587
sales administration,.035299607,.97786582,.01484247,66511.711,113,71026.234,2,.067875616
sales administrator,.0098118614,.97952884,.011921493,48426.246,769,49748.762,16,.027309893
sales analyst,.10832043,.96937984,.021664605,83163.703,641,84957.047,19,.02156402
sales business development,.063126631,.96889031,.030246604,132599.84,543,155814.8,26,.17507526
sales cashier,.0028796121,.9854418,.011211844,33322.004,403,37601.02,1,.12841411
sales consultant,.011119327,.97378349,.021473562,64056.141,1077,74578.852,4,.16427326
sales coordinator,.018791396,.97002542,.026717301,55738.434,1134,64577.734,22,.15858538
sales customer service,.0085182916,.97242177,.029816382,45947.703,63,42640,2,-.071988434
sales development,.083811074,.95530206,.018588701,105071.17,1230,147440.56,49,.40324467
sales development representative,.10609384,.90499198,.10537247,69528.727,4540,93290.828,452,.34175947
sales engineer,.067424439,.97045606,.027439971,113429.05,1595,132053.69,129,.1641964
sales engineering,.12885079,.96259469,.031412337,115237.13,1823,135846.45,160,.17884271
sales marketing,.019344771,.97546583,.032988224,107379.33,179,229229.09,3,1.13476
sales marketing coordinator,.033498786,.968256,.034963418,55652.688,244,55621.199,9,-.00056579983
sales officer,.004648474,.99128211,.0055175312,66459.266,243,78748.297,1,.18491073
sales operations,.066167943,.96555924,.02124235,109855.1,1008,133736,60,.21738543
sales operations analyst,.12278336,.95471716,.023986664,87548.531,3336,99770.922,241,.13960703
sales producer,.011508218,.97178471,.020903762,63401.754,2657,69588.766,60,.097584233
sales promoter,.017728642,.96270669,.050136372,50187.895,398,46380.746,6,-.0758579
sales representative,.0076159211,.97918189,.021748241,72632.859,2227,70770.336,21,-.025642987
sales sales,.016004499,.97107387,.025232051,108346.22,719,116789.51,14,.077928782
sales service,.0058669085,.98534393,.012311558,64955.398,68,159388.34,1,1.4538121
sales service representative,.0068312711,.97556889,.02056771,55339.75,443,129916.63,2,1.3476187
sales support,.012811247,.98869634,.0037699151,61418.594,254,67480.352,13,.098695807
sales support representative,.028208854,.97739875,.010479955,56060.438,2415,80264.617,45,.43175152
sales trainer,.0087978942,.98663497,.0083957296,77648.023,649,86715.242,16,.11677334
sales training,.022837497,.97190571,.022421649,85452.195,999,97776.07,28,.14421952
salesforce consultant,.19280964,.97760999,.019390531,106795.59,350,118472.8,39,.10934162
salesforce developer,.1883958,.98894358,.0056947451,114035.2,3394,126267.19,614,.10726499
sandwich artist,.0023464623,.97630501,.013167027,33323.133,3991,32246.438,57,-.032310747
sandwich maker,.0052853152,.98198444,.017868467,33156.684,2853,32489.238,66,-.020130038
sap,.067920364,.98115396,.011662738,123116.26,463,131831.72,47,.070790499
sap abap consultant,.052570127,.9894979,.0084122811,97691.094,1149,114675.02,97,.17385341
sap basis administrator,.057714704,.98989898,.0076045846,88346.922,561,97889.43,35,.10801177
sap basis consultant,.08838439,.98259211,.006200389,96341.242,2130,123886.52,165,.28591362
sap consultant,.088236973,.98652196,.011755919,122173.3,251,139509.11,32,.14189519
sap fico consultant,.066546403,.98646021,.0085633621,116068.37,589,135180.3,37,.16466098
sap project,.089070663,.97595131,.015723709,132658.52,1699,142547.5,143,.074544661
sap sd consultant,.04255379,.99250931,.0099938596,93605.422,895,122088.01,32,.3042835
sap technical consultant,.11110491,.98005676,.016406825,117124.23,982,125866.81,120,.074643634
scheduler,.010671812,.98169279,.012478914,76227.109,832,77969.258,27,.02285471
scientific,.050146114,.96583676,.035534237,137141.11,121,223427,24,.62917596
scientist,.03532134,.96669865,.033678837,132267.64,1689,160344.72,405,.21227473
scientist i,.054196723,.95512295,.025704918,95162.227,5624,123995.39,708,.3029896
scrum,.055337314,.9809559,.010185044,111982.15,1049,116999.71,114,.044806808
sde,.092864782,.98161936,.033795364,135520.78,2257,152962.25,1720,.12869959
sdet,.24232708,.98382735,.0098205283,105747.3,1421,136138.59,322,.28739551
search,.12349291,.96564716,.024482861,69070.992,11343,95581.711,1456,.38381842
secretary,.0097171254,.98010767,.026382294,57118.59,420,106098.76,8,.85751712
security,.010833306,.97873867,.017120436,81104.195,1962,120007.8,74,.47967434
security analyst,.072565518,.96661317,.027371755,104956.76,2113,110862.38,181,.056267221
security architect,.18353131,.96802133,.016479263,148049.94,7917,165262.91,2069,.11626461
security consultant,.06464535,.97055054,.02153044,112929.96,471,146820.14,38,.3000991
security engineer,.09093444,.96891016,.036064513,121874.07,2137,143435.72,276,.17691743
security guard,.010081383,.9752233,.027586397,40727.262,1874,39924.688,28,-.019706069
security officer,.010426993,.9762404,.025141031,43697.75,1703,48943.617,40,.12004891
seller,.0045343251,.97218561,.029385321,37830.137,302,36855.395,5,-.025766287
seo,.094879292,.97550857,.0091759544,78262.656,4403,108859,561,.39094436
server,.003672777,.99405611,.0040655844,32206.957,981,31843.566,35,-.011282985
service,.0042656995,.9830004,.012130223,64161.848,1400,96266.836,40,.50037503
service account,.046927556,.97972494,.010405071,101743.85,774,118191.28,30,.16165526
service agent,.020852633,.96946836,.029298086,40403.828,111,102853.38,3,1.5456346
service analyst,.041482013,.97368997,.015562908,58490.535,1974,68865.742,57,.17738266
service center,.015699003,.9770422,.017576065,71430.219,601,77289.852,9,.082032971
service consultant,.017377222,.97820187,.015558828,61739.191,281,107573.92,9,.74239278
service coordinator,.013641987,.9835121,.011966421,57605.68,946,56196.582,17,-.024461089
service delivery,.044023573,.98168874,.0075369878,98822.883,3234,122178.55,152,.2363387
service engineer,.028360656,.98493421,.01203198,84904.422,1378,90661.188,47,.067802899
service operations,.027756732,.97485042,.012565098,81915.516,5817,103800.91,80,.26717028
service representative,.010615459,.98021007,.018527355,53145.004,711,64486.133,6,.21339972
service sales,.024215218,.98026395,.015961271,86519.586,516,122814.42,5,.4194985
service support,.030430034,.98368442,.0096395481,68243.57,209,65656.883,4,-.037903752
service tech,.018803028,.98380256,.011729056,60444.563,7571,63537.227,195,.051165298
service technician,.013726551,.98430765,.011721723,55738.34,5205,55510.254,117,-.0040920833
services consultant,.085372046,.97175431,.019682156,114988.56,988,130371.36,127,.13377675
services engineer,.077682488,.97909373,.017349161,94660.477,2421,113220.52,124,.19606957
services sales,.1894545,.96850204,.022607749,121990.41,2596,145801.08,285,.19518471
sharepoint developer,.14513472,.98392689,.0019946808,103429.64,891,112633.41,107,.088985838
shipping,.0075019379,.9776386,.020034729,46190.406,1065,44398.434,15,-.038795345
shipping receiving,.0088598114,.97816402,.018723601,47722.043,3565,49566.355,20,.038646974
shopper,.0087502841,.96727455,.027456533,40497.57,401,49645.953,6,.22589955
sigma belt,.062988177,.96518719,.021605812,105829.34,2291,128101.34,55,.21045205
site,.0081332149,.97224236,.035043363,84012.445,1235,72683.148,32,-.1348526
site engineer,.019501602,.98258984,.019463653,92467.695,225,101360.04,5,.096167028
site reliability engineer,.17896704,.97048986,.025178637,122344.2,3826,144025.33,799,.17721424
social,.025299126,.95860469,.043116651,71023.109,1704,92862.68,48,.3074995
social media,.06189391,.94353139,.06130062,59334.711,4639,68687.18,314,.15762222
social media marketing,.091567308,.93131173,.087693065,48551.148,3488,63739.602,203,.31283405
social worker,.012827327,.98007154,.021912295,71672.063,1730,93974.148,33,.31116846
software,.074635066,.98661911,.029153172,106049.27,62,122444.56,13,.15460068
software analyst,.14021653,.98047125,.019854803,111491.7,90,113856.94,14,.021214515
software architect,.2231136,.97352105,.021360403,156346.22,5290,167499.36,1597,.071336173
software consultant,.080583736,.97872365,.021960534,118390.09,93,127005.91,21,.072774909
software design engineer,.1808866,.97586691,.025102943,155910.44,784,163147.8,142,.046419978
software designer,.059216239,.97075373,.048964038,139971.52,1061,166741.22,158,.19125108
software developer,.10912089,.97737223,.018944383,114991.91,1462,123293.04,242,.072188772
software development,.1107977,.9763248,.029407768,119387.19,46,142843.53,13,.19647287
software development engineer,.17946085,.97135568,.033558033,139878.25,1402,153273.42,362,.09576308
software development engineer test,.26152426,.97627503,.011969788,117993.59,1338,128239.11,317,.08683119
software engg,.066373199,.98609483,.0085654678,125703.25,719,161195.84,266,.28235224
software engineer,.12399472,.97701156,.02620054,139482.86,3243,148037.28,630,.061329555
software engineer analyst,.17285536,.98214662,.013016174,125539.16,589,131147.25,116,.044672068
software engineer i,.29220793,.96007502,.03101638,122842.11,5974,140393.03,1607,.14287382
software engineer test,.34776384,.97836983,.015039366,113700.93,1879,126970.98,345,.11671017
software engineering,.2099869,.96273881,.04657957,131260.36,5816,146347.88,1784,.11494343
software engineering analyst,.082289383,.96458793,.018214285,92771.969,484,113812.36,69,.22679685
software programmer,.077927396,.96381968,.047012731,104827.06,28,94786.148,3,-.095785514
software project,.10741048,.97046411,.018686168,147754.66,601,169493.92,74,.14713083
software qa engineer,.33458096,.97937465,.010104502,125936.53,568,141795.73,69,.12593013
software quality assurance,.14549825,.97650456,.011971334,112201.79,402,113246.47,39,.0093107224
software quality assurance engineer,.25597644,.974733,.020452578,117505.81,487,126738.8,56,.078574769
software quality engineer,.14049472,.98275244,.011498391,117348.48,462,133308.67,61,.13600676
software test,.15414773,.98654544,.0077073863,122413.16,53,153959.5,5,.25770387
software test analyst,.095042944,.98967779,.010305141,108159.5,54,74836.516,5,-.30809113
software test engineer,.15020564,.97874808,.015224958,111043.87,516,118139.61,53,.063900352
software tester,.075007446,.9730497,.0063965884,97011.477,86,72150,4,-.25627357
software testing engineer,.12599206,.9921875,0,90614.383,123,82890.703,10,-.085236795
solutions,.10821213,.97228348,.015073463,122852.14,1045,143927.86,97,.17155354
solutions architect,.24705264,.96807212,.017998876,150858.89,5521,168866.41,1579,.11936662
solutions consultant,.20944864,.95909345,.031328954,122787.08,2921,141704.8,555,.15406929
solutions engineer,.17298363,.95108521,.04692024,124625.52,2764,143069.41,619,.14799443
sourcing,.019375592,.97878635,.018152915,94331.156,1243,89955.234,35,-.046388935
sous chef,.0053265174,.98271811,.010623778,61597.473,1637,57579.492,66,-.065229632
specialty sales representative,.019453539,.96794999,.010791051,97504.422,13690,126372.59,485,.2960704
spring,.028289594,.93942106,.12738508,53935.457,3201,69167.672,146,.2824156
sqa engineer,.10197386,.98631501,.0083680842,113581.54,294,145084.66,42,.27736124
stack developer,.1651831,.97930157,.012465231,115674.09,3280,120106.55,737,.038318597
stack engineer,.15777102,.96908391,.019851292,136056.61,4782,145040.94,1595,.066033751
staffing,.02593337,.96378613,.039119709,59582.828,1810,74428.641,47,.2491626
staffing consultant,.030138768,.96267319,.041089181,58117.719,1378,83163,42,.43094054
stage,.0096810656,.97425717,.030583784,47601.566,295,41291.504,6,-.13255997
statistical programmer,.099599235,.97498429,.022170734,127870.36,1968,137744.75,279,.077221885
statistician,.21980569,.96389389,.05068557,119711.41,565,128147.55,62,.070470646
steward,.0028105821,.98285985,.018260567,35788.578,314,40248.789,34,.12462666
stock controller,.025061384,.97740817,.021486897,46908.398,298,53270,4,.13561754
stocker,.0021507624,.98447251,.0074580181,34920.207,5055,33352.281,55,-.044900242
stockroom,.015227022,.95746136,.05363312,39758.746,285,41934.18,6,.054715849
storage administrator,.019185307,.99787235,.0021276595,86616.547,186,98963.375,14,.14254583
storage engineer,.18940899,.98811257,.0047623259,120781.67,2114,144367.48,297,.19527642
store,.0040185996,.97580111,.021436058,46716.504,2587,44919.055,47,-.038475677
store operations,.020763129,.97472388,.019204583,54388.133,2719,64799.285,43,.19142324
store sales,.003907091,.97747028,.019459903,46906.762,560,43517.688,5,-.07225129
strategic,.074787892,.96875179,.019160034,190861.2,2391,201616.2,479,.056349847
strategic account,.15671057,.9582206,.031149805,115728.02,3671,139571.8,358,.20603284
strategic accounts,.14967692,.94991505,.02473825,141945.92,11938,164976.84,1114,.16225138
strategic initiatives,.082472414,.95553577,.033506095,181198.97,5664,203778.53,857,.12461198
strategic marketing,.15282324,.94672883,.045692895,163642.31,3370,173100.03,421,.05779507
strategic planner,.057814397,.96449834,.045643814,114231.67,584,121114.7,34,.060254946
strategic planning,.074370109,.95774305,.052777559,153424.98,1095,195228.53,72,.27246895
strategic sourcing,.063422933,.96618378,.016939882,133155.61,4270,143595.69,200,.078405097
strategist,.15650281,.94658744,.045431133,136529.53,6155,162398.67,1272,.18947652
strategy,.08947742,.95258278,.032629929,166233.45,2654,181443.98,442,.091501027
strategy analyst,.15693,.93500543,.054173,95101.82,3078,118843.67,194,.24964666
strategy business development,.085487977,.96106464,.026583768,191587.03,3907,193172.97,428,.0082778959
strategy consultant,.16414824,.95130229,.051832102,137386.5,1113,166448.73,162,.21153632
stress engineer,.039587818,.98648179,.009205631,112750.95,1458,130133.98,71,.15417193
structural engineer,.018872954,.97940791,.02318099,107753.63,1728,121723.48,60,.12964615
student worker,.063946806,.95512259,.077223182,44254.637,572,41992.313,24,-.051120613
style,.013414586,.94643044,.046034217,43292.82,2508,45520.652,40,.051459618
stylist,.0074409447,.9727428,.02133267,49912.605,3104,52535.633,80,.052552402
subject matter,.032713544,.98866528,.0063448655,82433.813,619,120449.7,42,.46116865
substitute teacher,.022057882,.96545345,.051650941,58877.055,1017,60663.23,10,.030337384
superintendent,.0079130549,.97610533,.021493368,93620.266,1539,103169.65,39,.10200123
supplier,.014816896,.98230755,.003677883,116465.21,225,139940.63,7,.20156589
supplier quality,.022505697,.98104542,.0049023489,106491.8,2762,129499.2,104,.21604863
supplier quality engineer,.020769818,.97671866,.014221712,90182.734,3250,101440.55,85,.12483343
supply,.023928735,.977476,.019594088,89272,183,101553.6,5,.13757508
supply chain,.043636009,.97115242,.024898704,104054.51,2118,107832.77,61,.036310446
supply chain analyst,.11752227,.96287203,.028753709,71364.531,3486,80814.953,89,.13242464
supply chain coordinator,.034767892,.9749918,.017663106,58908.07,643,60564.98,23,.028127048
supply chain operations,.080521509,.96734011,.017504813,133010.92,1240,133511.83,42,.0037659032
supply chain planner,.039487429,.97324282,.019228777,80323.242,363,64451.102,6,-.19760333
supply chain planning,.091770992,.96727371,.015837122,116465.01,2992,146392.42,119,.25696486
supply planner,.050830767,.978396,.010802009,79993.086,732,81630.602,11,.020470714
supply planning,.021374494,.96949297,.022922222,98214.523,745,120775.31,7,.2297093
support,.022451527,.98145449,.016870067,60046.457,518,84969.953,10,.41507021
support analyst,.064417712,.98291671,.01084041,86170.672,373,112460.33,32,.30508822
support engineer,.10663539,.97969431,.01416607,104542.71,780,111692.48,78,.068390854
support services,.024276379,.97909117,.018071391,117785.13,441,152006.89,20,.29054403
support technician,.051633514,.98031533,.012675377,62332.727,217,54459.457,15,-.12631036
surveyor,.017265152,.97650433,.023095878,74207.836,573,61785.008,18,-.16740587
sustainability,.042000286,.95114094,.053429671,83914.422,1648,101819.84,62,.21337707
sw engineer,.079922989,.987481,.015888536,140908.75,604,151321.98,76,.073900551
swing,.0054458249,.98445463,.012332787,40917.684,2548,36850.664,82,-.099395156
system,.043955181,.98646975,.0078509552,88444.266,109,63716.656,11,-.27958408
system admin,.051502526,.98112375,.0037626261,94925.664,76,106328.78,15,.12012681
system administrator,.054883409,.98545599,.0074415524,103147.15,678,119824.57,69,.16168573
system analyst,.093205832,.98552966,.011959305,112939.51,420,113014.41,38,.00066324224
system architect,.18644796,.97683877,.023443101,160625.27,1202,168440.19,349,.048653129
system developer,.1014203,.98782134,.012153978,110031.42,676,118188.74,61,.07413628
system engineer,.080715686,.98244226,.014162333,121624.89,894,123854.84,87,.018334677
system engineering,.10678712,.97929692,.015337132,133288,1425,158226.39,229,.18710154
system software engineer,.21178903,.97888458,.017495636,147342.09,1986,158592.75,978,.07635738
system test engineer,.10559016,.98369974,.010992094,105193.96,1638,115124.8,129,.094405077
systems,.036796987,.98312378,.016172698,113049,246,140192.8,11,.24010648
systems administrator,.14805982,.97954309,.012447909,100712.62,1996,113490.26,113,.12687229
systems analyst,.084354714,.98164964,.014622928,115837.38,716,135848.55,56,.17275229
systems architect,.22828677,.96827674,.035289422,163564.25,2785,187712.22,616,.14763598
systems consultant,.068357378,.97714281,.01804604,122342.66,357,128877.41,39,.053413499
systems engineer,.12011132,.97897196,.019269006,122802.78,1788,128673.64,184,.047807217
systems engineering,.11181612,.96631217,.022147931,141207.72,7126,164889.14,1347,.16770628
systems programmer,.055521347,.97706425,.028744776,111453.96,784,126499.8,55,.13499597
talent,.066911548,.94709921,.049225129,100508.83,1485,139277.23,97,.38572142
talent acquisition,.089457452,.9573369,.036507864,102022.57,2426,125550.38,170,.2306138
talent acquisition consultant,.150399,.9622122,.01895579,92409.867,4028,110741.89,399,.19837734
talent acquisition coordinator,.030489575,.9444859,.035584006,52179.621,8181,62747.34,304,.20252578
talent development,.06712006,.9533233,.022763943,107698.66,4886,134472.41,490,.24859874
tax,.009459164,.98232448,.016812578,118537.05,1990,131953.61,86,.11318455
tax accountant,.015186377,.96924978,.034890845,98130.641,2486,105554.01,62,.075647801
tax analyst,.028695025,.97509348,.016650334,86607.188,3736,104038.78,161,.20127191
tax consultant,.013450297,.96835673,.023914305,121588.11,829,135086.61,57,.11101826
tax preparer,.019281609,.95643908,.051069617,48125.164,1953,64226.441,40,.33457085
teacher,.028402507,.97369289,.03694436,65331.637,780,74564.984,7,.14133042
teaching,.12753353,.94541246,.10020545,67465.898,561,78585.93,20,.16482447
tech,.017499443,.99049169,.0063876761,79909.789,518,107454.47,14,.34469718
tech support,.021678813,.97951841,.017717341,62652.758,331,60430,12,-.035477415
technical,.04743208,.98319948,.019259267,133581.61,894,160560.53,103,.20196584
technical account,.072237566,.9734844,.018371452,122834.95,1189,130649.14,154,.063615412
technical analyst,.054380223,.98342586,.015578268,103202.03,138,93529.75,13,-.093721814
technical architect,.082373671,.98438758,.0074788076,142189.59,553,163649.2,93,.15092251
technical business analyst,.10015502,.9767713,.012769343,111676.99,925,113786.7,99,.018891117
technical consultant,.060634807,.98242545,.014951779,120992.16,156,131813.58,35,.089439034
technical designer,.0074933581,.97821414,.01769858,85692.898,434,86394.719,10,.0081899473
technical engineer,.030421946,.97920948,.015076721,102871.78,523,103387.76,31,.0050157248
technical marketing,.081023335,.96223974,.035353173,143119.03,175,165050.2,13,.15323728
technical operations,.031689577,.98091733,.0087235942,130138.66,311,196845.8,12,.51258504
technical product,.17862689,.96350861,.034530297,144143.47,2987,173341.72,685,.20256381
technical project,.061986119,.9793539,.01153279,124557.13,1396,132734.39,101,.065650724
technical recruiter,.17031655,.96416181,.030668177,76118.43,1313,96522.25,156,.26805362
technical sales,.03282129,.97275054,.033222456,97967.18,332,102379.88,13,.045042589
technical sales engineer,.026612196,.96101362,.047018111,97819.586,502,113990.59,12,.16531454
technical sales representative,.021002738,.96658969,.031828851,93714.438,1289,108989.34,6,.16299416
technical service engineer,.021391328,.98415935,.0095013967,81358.734,121,96804.375,6,.18984613
technical service representative,.01127798,.97875434,.016747886,64875.598,801,62212.434,18,-.041050319
technical services,.02074258,.98772806,.011182032,114867.82,162,157296.28,6,.36936769
technical support,.035829481,.98459941,.010717749,75973.133,326,71242.547,14,-.062266566
technical support agent,.029149536,.96990418,.022806071,54805.332,669,59070.004,20,.077814907
technical support analyst,.062466454,.97504687,.012306482,74439.016,1218,82548.336,61,.10893911
technical support engineer,.057151951,.97951996,.01282213,97615.242,982,102392.4,121,.048938632
technical support representative,.017817475,.98154646,.011250506,57412.566,1658,65930.414,59,.14836209
technical test,.12425299,.98797554,0,102525.88,558,111591.12,41,.088418983
technical trainer,.03420829,.97755611,.014967361,85607.625,468,95216.172,32,.11223938
technical training,.027864967,.97501659,.011529979,94924.719,734,119513.56,18,.2590352
technical writer,.0546069,.97573245,.015361989,87930.656,1425,101994.05,215,.15993738
technician,.027906474,.98355013,.018535789,53534.75,969,51236.301,19,-.042933781
technique,.022925742,.97250807,.033220757,88987.555,88,134607.44,1,.51265466
technologist,.04484212,.9781056,.023244135,96283.141,67,143238.92,6,.48768434
technology,.059119195,.98543864,.0067115249,133904.94,344,160970.36,45,.20212415
technology analyst,.13358971,.9685601,.026938712,101572.73,775,109619.27,84,.079219565
technology architect,.2193173,.97539186,.014440777,159133.83,4773,177855.66,1487,.11764833
technology consultant,.13038631,.96883678,.031947784,115675.75,120,124767.88,18,.078600161
technology officer,.13126364,.97099054,.029920239,184543.66,441,198060.86,99,.073246643
telecommunications,.020257775,.97955024,.010319495,71862.555,543,95336.203,12,.32664645
telecommunications engineer,.049371809,.98435354,.010980068,102223.84,801,108315.73,27,.05959364
telemarketer,.038100392,.96604574,.037856784,42592.258,198,42391.957,5,-.0047027511
telemarketing,.025925178,.9679237,.031387016,48374.504,343,89276.5,1,.84552795
telesales,.014466558,.98598349,.016725732,51240.871,1319,70556.211,28,.37695181
teller,.00094063085,.99122524,.0042979247,39978.801,1502,48802.996,35,.22072186
terminal,.011163715,.97045505,.0268432,62181.402,3355,69026.133,18,.11007681
test,.075160369,.99036872,.0029799507,101292.45,264,110854.89,9,.094404243
test analyst,.083200634,.98447227,.0083467513,100121.82,377,92434.703,45,-.076777644
test consultant,.094611868,.97981739,0,101032.47,1214,112589.82,97,.11439245
test development engineer,.10120441,.98435205,.0081062075,111705.7,2378,131972.33,203,.18142875
test engineer,.10421893,.98043203,.014826749,104104.27,921,100411.95,54,-.035467446
test engineering,.066321686,.98231012,.014790535,100116.47,1521,126009.57,115,.2586298
test technician,.044595834,.97359824,.026527291,66080.297,2502,69360.906,64,.049645804
tester,.049201705,.99041492,.011501602,73247.125,223,92820,6,.26721698
testing,.040229578,.98211527,.0059393714,102789.22,57,110744.09,3,.077390172
testing engineer,.14761713,.96646976,.0088806571,93889.125,117,83700.383,10,-.10851888
thesis,.27145135,.9538756,.087942585,103269.42,118,137990.19,4,.33621535
thesis student,.23988631,.95538074,.073373877,101681.72,495,134848.31,62,.32618049
trade,.015117235,.97733444,.026446592,105800.69,96,43812.289,1,-.58589786
trade finance,.0040651076,.97969097,.018284723,96816.719,369,102218.94,15,.055798408
trade marketing,.056123514,.96520686,.025638912,79397.805,1301,85695.75,8,.079321407
trader,.009295525,.97661728,.023279727,127217.84,211,105541.33,1,-.17038891
trading,.018112741,.95852911,.015525205,93391.055,152,103170.67,6,.10471685
traffic,.011861353,.98677087,.0073042894,60910.824,748,60602.945,14,-.0050545847
trainer,.0063472232,.98537034,.0060234498,73658.414,424,98688.445,18,.33981225
training,.0090112425,.97904396,.011947289,68500.664,382,91519.156,6,.33603314
training consultant,.025357943,.97393674,.015735324,89403.445,1205,106087.44,59,.18661465
training coordinator,.017239347,.97784531,.01487685,63918.973,1360,73051.758,44,.14288066
training development,.023934217,.97448826,.016356681,83992.156,1553,96054.477,51,.14361246
transaction,.01220043,.97044897,.016269788,82806.156,538,110392.27,16,.33314091
transaction processing,.023757145,.97472793,.013176499,63895.023,1083,70341.117,48,.1008857
transformation,.068504691,.97881937,.01590886,170548.7,4270,186581.84,766,.094009161
transition,.022089913,.97555506,.012172792,113612.22,77,193129.36,6,.69989955
translator,.062550277,.97915483,.019662578,70353.375,588,69549.906,30,-.011420472
transport,.012816956,.97514427,.016006749,65474.445,715,85758.5,4,.3098011
transportation,.022324812,.97470987,.018282546,73105.016,3396,103525.94,53,.41612634
travel,.010225981,.98014975,.015623891,61675.484,600,68661.234,11,.11326624
travel consultant,.013734987,.9743132,.021456057,52718.457,1021,53512.434,25,.015060694
treasurer,.040832937,.95152283,.080657303,107605.88,124,138557,14,.28763416
treasury,.04363969,.96647894,.035745781,119731.66,774,126662.76,30,.05788856
treasury analyst,.044824965,.97772467,.0088122897,90761.375,1858,102700.53,96,.13154446
truck driver,.0024914006,.98799217,.0072496329,46499.512,8588,47858.531,121,.029226534
trust,.01001654,.97285652,.028513718,110159.39,463,85832.961,15,-.22082938
trust officer,.0049414141,.98395646,.016038232,86672.305,685,84223.242,23,-.028256575
ui designer,.092919648,.96217644,.018288026,104197.2,3124,123529.11,565,.18553191
ui developer,.070142284,.99044764,.0053682178,102065.46,1351,121134.84,215,.18683475
ui ux designer,.080161765,.95764709,.04634621,104121.84,328,111608.66,57,.071904339
underwriter,.0068064621,.97648877,.022737036,95335.063,1182,105287.98,28,.1043993
underwriting,.020775922,.96201229,.03274351,89601.086,1421,97945.438,35,.093127795
unemployed,.0084361192,.99103212,.017139398,47944.855,369,39077.32,2,-.1849528
universal banker,.004315062,.98024112,.01761557,47764.719,1040,51502.93,32,.078263015
unix administrator,.087700367,.98953557,.0091589401,97065.484,1013,99369.195,75,.023733575
unix system administrator,.09873876,.99218702,.0034715284,106021.31,134,125853.23,10,.18705592
user,.16450801,.95378268,.033458214,152375.23,1148,175992.23,252,.15499237
user designer,.13088182,.95160234,.04354205,118944.24,2489,141662.08,572,.19099568
user researcher,.14482737,.94502497,.052702509,88704.945,4770,118295.78,958,.33358723
utility,.0079084821,.98188013,.013957965,44606.645,2486,40036.371,31,-.10245723
ux designer,.13468373,.96084869,.019456435,119499.14,3105,134164.98,808,.12272761
ux ui designer,.11503692,.94793952,.051372178,89107.734,639,119876.55,87,.34529909
validation,.036054019,.9749403,.018726293,112705.48,559,137627.38,12,.22112402
validation engineer,.064614728,.9716543,.015297006,114267.37,1420,140262.92,59,.22749762
vendor,.012192495,.98331016,.004971907,93298.148,69,130437.29,2,.39806944
verification engineer,.0598692,.984339,.014266778,115989.94,2387,149567.59,281,.28948766
video editor,.047549501,.96056414,.035043292,71693.492,2026,90882.211,158,.26764938
virtual,.10800302,.98581719,.0099875154,69482.375,329,90016.273,22,.29552671
visual,.0040021702,.98151922,.0095084077,59528.945,2204,61529.949,54,.033613965
visual designer,.082736164,.94886822,.041510902,101363.28,2901,118301.09,342,.1671
visual merchandiser,.0044192243,.97633916,.017350126,48377.293,1062,58817.598,18,.21581002
visual merchandising,.0095221363,.97818542,.016065178,60307.875,1549,64891.125,29,.075997539
waitress,.0035468047,.96960092,.022219945,32925.699,2012,36474.48,41,.1077815
walmart,.0097343419,.99166703,.0032528047,45818.453,681,29828.709,2,-.34898046
warehouse,.0054559154,.98639619,.011460388,49184.25,3332,55790.281,46,.13431193
warehouse operative,.0033062277,.97032046,.019760858,41063.719,983,49736.793,7,.21121015
warehouse worker,.0048114201,.98934221,.0055831801,36636.172,1039,34983.113,19,-.045120943
wealth,.0054553039,.978917,.027385321,103316.32,2269,132505.23,146,.28251988
web application developer,.098496154,.9706651,.028156314,109502.98,350,114422.26,81,.044923723
web designer,.091959134,.97206813,.025717694,88207.164,221,94745.695,64,.074126989
web developer,.094865218,.97460955,.034635112,102489.36,406,114916.13,67,.1212494
welder,.014097625,.98570192,.01145136,50621.004,6500,52808.133,70,.043205958
wireline engineer,.022115696,.97475278,.0073955385,69179.703,150,115815.99,1,.67413253
worker,.011959288,.99299681,.0066834777,40426.66,136,30994.83,1,-.23330718
workforce,.072444215,.97839129,.011040554,80587.563,1354,115673.41,27,.43537551
workforce analyst,.14438438,.97839451,.013142969,70667.438,3027,94137.555,107,.33212069
writer,.052484401,.96992773,.03666411,82652.445,2102,110909.01,218,.34187207
zone,.011251084,.97000182,.024490338,83315.781,2683,112591.77,26,.35138592
